sampleID,seq_sampleID,Date,transect_no,sample_no,Depth (m),Location,latitude,longitude,niskin_time,freeze_time,Volume filtered (ml SW),field_notes,extraction_date,elution_volume,nanodrop_dna,nanodrop_260-230,nanodrop_260-280,COI_16S_18S_PCR_dilutions,COI_16S_18S_qPCR_dilutions,12S_dilutions,16S_spike_copies,16Sin_qPCR_quantity,16S_qPCR_quantity,16SV4V5_seq,16S_DADA2_reads,16S_spike_main_ASV,18S_spike_copies,18S_qPCR_quantity,18SV4_seq,18S_DADA2_reads,18S_spike_main_ASV,12S_qPCR_quantity,12S_DADA2_reads,COI_spike_copies,COI_qPCR_quantity,uL_per_qPCR_reaction,uL_per_PCR_reaction,16Sin extraction efficiency,DNA (ng/L SW),DNA (Î¼g/L SW),12S copies/L SW,16S copies/L SW,18S copies/L SW,COI copies/L SW,12S copies/L SW * eff,16S copies/L SW * eff,18S copies/L SW * eff,COI copies/L SW * eff,16S_spike_ratios,18S_spike_ratios,16S_quant_reads,18S_quant_reads,16S seq/L SW,18S seq/L SW
BBT10-1B,BBT10_1B_2023Jun22_SackvilleRiver_1m,2023-06-22,10,1,1,Sackville River,44.43068,-63.40131,10:13:00,10:26:00,480,NA,2024-06-12,100,63.4,1.57,1.91,0.25,0.01,1,500000000,24083,1205972,original,18162,29,1000000,176099,original,26116,337,219,23562,10000000,13461,5,2,0.096332,13208.333333333334,13.208333333333334,9125,5024883333.333333,733745833.3333334,56087500,94724.49445667068,52162140652.46578,7616844177.774087,582231241.9549059,0.0015967404470873252,0.012903966916832594,313137931034.4828,77495548.96142434,27088431244245.84,6703859998.185471
BBT10-10B,BBT10_10B_2023Jun22_McNabsIsland_20m,2023-06-22,10,10,20,McNabs Island,44.3697,-63.32756,14:55:00,15:08:00,820,NA,2024-06-12,100,53.4,2.04,1.94,0.5,0.01,1,500000000,47811,426906,original,4553,5,1000000,165959,original,10134,339,44,29905,10000000,6269,5,2,0.191244,6512.195121951219,6.512195121951219,1073.1707317073171,1041234146.3414634,404778048.7804878,15290243.902439024,5611.526279032636,5444532358.356149,2116552931.2317655,79951496.00739905,0.0010981770261366132,0.03345174659561871,455300000000,29893805.309734512,5806654351917.178,381249713.8087738
BBT10-2B,BBT10_2B_2023Jun22_SackvilleRiver_12m,2023-06-22,10,2,12,Sackville River,44.43068,-63.40131,10:13:00,10:26:00,750,NA,2024-06-12,100,92.1,200,1.87,0.25,0.01,1,500000000,87590,795578,original,3902,11,1000000,637707,original,20769,206,18,11906,10000000,11566,5,2,0.35036,12280,12.28,480,2121541333.3333335,1700552000,30842666.666666668,1370.0194086082886,6055318339.232027,4853727594.474256,88031358.22201926,0.0028190671450538185,0.009918628725504357,177363636363.63635,100820388.34951456,2699906935550.274,1534732098.0251102
BBT10-3B,BBT10_3B_2023Jun22_DRDCBarge_1m,2023-06-22,10,3,1,DRDC barge,44.4103,-63.39056,12:00:00,12:14:00,540,NA,2024-06-12,100,72.4,1.88,1.89,0.25,0.01,1,500000000,127526,1295589,original,14767,22,1000000,303826,original,14066,67,113,31317,10000000,16702,5,2,0.510104,13407.407407407409,13.407407407407408,4185.185185185185,4798477777.777778,1125281481.4814816,61859259.25925926,8204.57237187943,9406861694.434423,2205984429.6094155,121267936.06648694,0.0014898083564705085,0.004763258922223802,335613636363.63635,209940298.50746268,4873568793867.399,3048620128.988405
BBT10-4B,BBT10_4B_2023Jun22_DRDCBarge_20m,2023-06-22,10,4,20,DRDC barge,44.4103,-63.39056,12:15:00,12:30:00,980,NA,2024-06-12,100,66.4,2.2,1.93,0.25,0.01,1,500000000,145776,959778,reseq,2461,6,1000000,363583,original,11103,191,20,24641,10000000,13766,5,2,0.583104,6775.510204081634,6.775510204081634,408.16326530612247,1958730612.244898,742006122.4489796,28093877.551020406,699.9836483819739,3359144530.3837705,1272510774.1483161,48179874.51813126,0.002438033319788704,0.017202557867243087,205083333333.33334,58130890.05235602,1435549798890.0313,406906725.0253956
BBT10-5B,BBT10_5B_2023Jun22_McKayBridge_1m,2023-06-22,10,5,1,McKay bridge,44.40651,-63.36745,12:59:00,13:12:00,600,NA,2024-06-12,100,75.9,2.02,1.9,0.25,0.01,1,500000000,157511,790988,original,21906,57,1000000,232257,original,21394,297,331,31083,10000000,11510,5,2,0.630044,12650.000000000002,12.650000000000002,11033.333333333334,2636626666.6666665,774190000,38366666.666666664,17512.004452599074,4184829419.320978,1228787195.8148954,60895217.90012548,0.0026020268419611066,0.013882396933719735,192157894736.8421,72033670.03367004,2033274869023.3496,762207824.9949741
BBT10-6B,BBT10_6B_2023Jun22_Tufts_1m,2023-06-22,10,6,1,Tufts Cove,44.40482,-63.35722,13:29:00,13:41:00,570,FC tubes associated with this sample are BBT 10-7A and 7B,2024-06-12,100,62.3,2.43,1.96,0.25,0.01,1,500000000,121240,697334,original,19354,72,1000000,284021,original,70851,991,561,28904,10000000,9288,5,2,0.48496,10929.824561403508,10.929824561403509,19684.21052631579,2446785964.912281,996564912.2807018,32589473.684210528,40589.348660334435,5045335625.437728,2054942494.8051424,67200333.39700289,0.003720161206985636,0.013987099688077797,134402777777.77777,71494450.05045408,1944856045682.5923,1034550146.3018702
BBT10-7B,BBT10_7B_2023Jun22_McKayBridge_20m,2023-06-22,10,7,20,McKay bridge,44.40651,-63.36745,13:12:00,13:26:00,860,FC tubes associated with this sample are BBT 10-6A and 6B,2024-06-12,100,55.1,2.25,1.92,0.5,0.01,1,500000000,121751,1278784,cleaned,32821,82,1000000,963630,cleaned,108711,710,93,28490,10000000,14523,5,2,0.487004,6406.976744186047,6.406976744186046,2162.790697674419,2973916279.0697675,2241000000,33774418.60465116,4441.01218403631,6106554112.635148,4601604914.949364,69351419.29974121,0.002498400414368849,0.006531077811812972,200128048780.4878,153114084.50704226,955667852689.8484,731162919.1863868
BBT10-8B,BBT10_8B_2023Jun22_Tufts_8m,2023-06-22,10,8,8,Tufts Cove,44.40482,-63.35722,13:42:00,13:57:00,780,"Niskin weights hit the bottom, bottle should be fine",2024-06-12,100,77.5,2.17,1.93,0.25,0.01,1,500000000,66664,753881,original,4346,7,1000000,219712,original,23052,253,307,26566,10000000,10526,5,2,0.266656,9935.897435897436,9.935897435897436,7871.794871794871,1933028205.1282053,563364102.5641026,26989743.589743588,29520.411585694193,7249145735.060171,2112699892.6110892,101215587.08502187,0.0016106764841233318,0.010975186534790907,310428571428.5714,91114624.50592886,5970019020541.04,1752274408.3980448
BBT10-9B,BBT10_9B_2023Jun22_McNabsIsland_1m,2023-06-22,10,9,1,McNabs Island,44.3697,-63.32756,14:40:00,14:53:00,600,NA,2024-06-12,100,71.8,2.14,1.93,0.25,0.01,1,500000000,184277,386043,original,37454,41,1000000,179720,original,37059,620,15,32530,10000000,9983,5,2,0.737108,11966.666666666666,11.966666666666667,500,1286810000,599066666.6666666,33276666.666666664,678.3266495547463,1745755031.8270864,812725769.7198602,45144899.616700225,0.001094676136060234,0.016730079063115574,456756097560.9756,59772580.64516129,4131064444296.499,540604458.1903087
BBT10-BL1,BBT10_Blank1_2023Jun22_CoolerBlank_0m,2023-06-22,10,Blank1,0,Cooler blank 1,NA,NA,09:24:00,09:31:00,1500,NA,2024-06-12,100,4.7,1.41,3.38,1,0.01,1,500000000,45646,83847,original,458,293,1000000,2073,original,11625,9291,173,NA,10000000,114,5,2,0.182584,313.33333333333337,0.31333333333333335,2306.6666666666665,111796000,2764000,152000,12633.454556076473,612298996.6262105,15138237.742628051,832493.5372212242,0.6397379912663755,0.7992258064516129,781569965.8703072,1251210.8492089119,2853736602.9528227,4568530.463453943
BBT10-BL2,BBT10_Blank2_2023Jun22_CoolerBlank_0m,2023-06-22,10,Blank2,0,Cooler blank 2,NA,NA,14:00:00,14:09:00,940,NA,2024-06-12,100,4.5,1.23,3.28,1,0.01,1,500000000,48163,70318,original,472,376,1000000,2884,original,19565,8716,26,22755,10000000,173,5,2,0.192652,478.72340425531917,0.4787234042553192,553.1914893617021,149612765.95744678,6136170.212765957,368085.10638297873,2871.4546921999363,776595965.5619813,31851058.97040237,1910621.775963804,0.7966101694915254,0.4454893943266036,627659574.468085,2244722.349701698,3465953904.25115,12395420.237955784
BBT11-1B,BBT11_1B_2023Jul25_SackvilleRiver_1m,2023-07-25,11,1,1,Sackville River,44.43072,-63.4008,09:42:00,09:52:00,150,NA,2024-06-11,100,28.9,0.97,1.7,0.5,0.01,1,500000000,126049,294137,original,8089,23,1000000,116315,original,8732,562,157,26580,10000000,2603,5,2,0.504196,19266.666666666664,19.266666666666666,20933.333333333332,3921826666.6666665,1550866666.6666667,34706666.666666664,41518.24555001098,7778377191.938584,3075920210.9232655,68835664.43737489,0.0028433675361602176,0.06436097114063216,175847826086.9565,15537366.548042705,4650250460454.704,410881655.7593398
BBT11-10B,BBT11_10B_2023Jul25_McNabsIsland_35m,2023-07-25,11,10,35,McNabs Island,NA,NA,16:22:00,16:34:00,1220,NA,2024-06-11,100,26.1,1.22,1.78,0.5,0.01,1,500000000,60789,87890,original,23245,201,1000000,15936,original,20991,1404,124,13623,10000000,997,5,2,0.243156,2139.344262295082,2.139344262295082,2032.7868852459017,144081967.21311474,26124590.16393443,1634426.2295081967,8360.011207808573,592549504.0760448,107439627.90938501,6721718.688858991,0.008647020864702086,0.06688580820351579,57823383084.57712,14950854.7008547,389842040855.2205,100797832.95601837
BBT11-2B,BBT11_2B_2023Jul25_SackvilleRiver_15m,2023-07-25,11,2,15,Sackville River,44.43072,-63.4008,10:06:00,10:18:00,880,NA,2024-06-11,100,46.8,1.76,1.86,0.5,0.01,1,500000000,109850,467725,reseq,6960,32,1000000,305150,original,51437,654,154,23318,10000000,4511,5,2,0.4394,5318.181818181818,5.318181818181818,3500,1063011363.6363635,693522727.2727273,10252272.727272728,7965.407373691397,2419233872.6362395,1578340298.7545,23332436.793975256,0.004597701149425287,0.012714582887804499,108750000000,78649847.09480122,562492241486.3243,406803942.8497601
BBT11-3B,BBT11_3B_2023Jul25_DRDCBarge_1m,2023-07-25,11,3,1,DRDC barge,44.41111,-63.39126,10:49:00,11:00:00,340,NA,2024-06-11,100,27.4,1.1,1.77,0.5,0.01,1,500000000,96359,337780,original,5331,26,1000000,121209,original,7895,459,95,19614,10000000,2439,5,2,0.385436,8058.823529411765,8.058823529411764,5588.235294117647,1986941176.4705882,712994117.6470588,14347058.823529413,14498.477812445248,5155048247.881848,1849837891.7565012,37222934.089004174,0.004877133746013881,0.058138062064597845,102519230769.23077,17200435.729847495,1564602939638.5754,262505406.0985099
BBT11-4B,BBT11_4B_2023Jul25_DRDCBarge_40m,2023-07-25,11,4,40,DRDC barge,44.41111,-63.39126,11:15:00,11:28:00,1550,NA,2024-06-11,100,42.9,1.91,1.88,0.5,0.01,1,500000000,88834,383657,original,15067,59,1000000,368095,original,92208,569,90,25971,10000000,3005,5,2,0.355336,2767.7419354838707,2.767741935483871,1161.2903225806454,495041290.3225807,474961290.3225807,3877419.35483871,3268.147113100404,1393163907.7452908,1336654012.8852148,10911980.083185237,0.003915842569854649,0.006170831164324137,127686440677.9661,162052724.07732865,463664524981.9566,588457935.9593089
BBT11-5B,BBT11_5B_2023Jul25_McKayBridge_1m,2023-07-25,11,5,1,McKay bridge,44.40682,-63.36672,12:23:00,12:34:00,660,NA,2024-06-11,100,35.5,1.09,1.7,0.5,0.01,1,500000000,59177,328319,original,12040,10,1000000,71510,original,39438,530,215,17091,10000000,3689,5,2,0.236708,5378.787878787879,5.378787878787879,6515.151515151516,994906060.6060605,216696969.6969697,11178787.878787879,27524.002210113365,4203094363.5452137,915461115.3698637,47226067.04795731,8.305647840531562e-4,0.013438815355748262,602000000000,74411320.75471698,7706720618831.742,952603421.8187371
BBT11-6B,BBT11_6B_2023Jul25_McKayBridge_15m,2023-07-25,11,6,15,McKay bridge,44.40682,-63.36672,12:41:00,12:53:00,760,NA,2024-06-11,100,54,1.55,1.82,0.5,0.01,1,500000000,93708,480830,original,27510,62,1000000,118340,original,33509,667,120,19706,10000000,4433,5,2,0.374832,7105.263157894738,7.105263157894737,3157.8947368421054,1265342105.263158,311421052.6315789,11665789.47368421,8424.826954054364,3375757953.5983,830828351.452328,31122714.906102497,0.002253725917848055,0.019905100122355187,221854838709.67743,50238380.809595205,1557573854207.2283,352708053.97727096
BBT11-7B,BBT11_7B_2023Jul25_Tufts_1m,2023-07-25,11,7,1,Tufts Cove,44.40472,-63.35701,12:56:00,13:05:00,300,NA,2024-06-11,100,62.6,1.38,1.78,0.25,0.01,1,500000000,69526,573636,original,32996,74,1000000,294275,original,160022,1867,126,12667,10000000,4996,5,2,0.278104,20866.666666666668,20.866666666666667,8400,3824240000,1961833333.3333333,33306666.666666664,30204.527802548684,13751114690.906998,7054315411.980171,119763349.92185178,0.0022426960843738636,0.011667145767456975,222945945945.94595,85710765.93465452,10688852417126.732,4109290813.7317696
BBT11-8B,BBT11_8B_2023Jul25_Tufts_6m,2023-07-25,11,8,6,Tufts Cove,44.40472,-63.35701,13:05:00,13:18:00,900,NA,2024-06-11,100,92.8,1.74,1.86,0.25,0.01,1,500000000,106263,745077,original,27897,30,1000000,467825,original,42892,120,83,10256,10000000,10922,5,2,0.425052,10311.111111111111,10.311111111111112,1844.4444444444448,1655726666.6666667,1039611111.1111112,24271111.11111111,4339.338350235841,3895350843.3477945,2445844534.5772076,57101510.19430826,0.0010753844499408539,0.002797724517392521,464950000000,357433333.3333333,4861627387812.42,3737407640.930033
BBT11-9B,BBT11_9B_2023Jul25_McNabsIsland_1m,2023-07-25,11,9,1,McNabs Island,NA,NA,15:59:00,16:10:00,420,NA,2024-06-11,100,65.8,1.53,1.82,0.25,0.01,1,500000000,58615,620938,original,52311,48,1000000,79372,original,48667,724,94,NA,10000000,9546,5,2,0.23446,15666.666666666666,15.666666666666666,4476.190476190476,2956847619.047619,377961904.7619047,45457142.85714286,19091.488851789116,12611309473.034286,1612052822.493836,193880162.31827545,9.175890348110341e-4,0.01487661043417511,544906250000,67219613.25966851,22134194887543.008,2730473398.2309303
BBT11-BL1,BBT11_Blank1_2023Jul25_CoolerBlank_0m,2023-07-25,11,Blank1,0,Cooler blank 1,NA,NA,14:00:00,14:09:00,940,NA,2024-06-11,100,6.4,0.78,1.82,1,0.01,1,500000000,40011,25384,original,12246,3797,1000000,1028,original,9989,7315,76,24516,10000000,29,5,2,0.160044,680.8510638297872,0.6808510638297872,1617.0212765957447,54008510.63829787,2187234.0425531915,61702.127659574464,10103.604487489345,337460389.88214415,13666454.49097243,385532.27649630397,0.3100604278948228,0.7323055360896986,1612588885.9626021,1365550.2392344498,10719052832.031048,9076960.213829827
BBT11-BL2,BBT11_Blank2_2023Jul25_CoolerBlank_0m,2023-07-25,11,Blank2,0,Cooler blank 2,NA,NA,15:31:00,15:38:00,1100,NA,2024-06-11,100,12.2,0.7,1.62,1,0.01,1,500000000,57660,48384,original,4200,2327,1000000,2239,original,40235,16157,75,11481,10000000,61,5,2,0.23064,1109.0909090909092,1.1090909090909091,1363.6363636363635,87970909.0909091,4070909.090909091,110909.09090909091,5912.401854129222,381420868.41358435,17650490.33519377,480875.35080250993,0.554047619047619,0.40156580091959737,902449505.8014611,2490251.9031998515,3557096087.5723715,9815579.979818417
BBT12-1B,BBT12_1B_2023Aug31_Tufts_1m,2023-08-31,12,1,1,Tufts Cove,44.4039,-63.3568,09:11:00,09:23:00,350,NA,2024-06-10,100,70,1.59,1.82,0.25,0.01,1,500000000,153856,631220,original,17840,34,1000000,250068,original,77151,1222,65,16879,10000000,11097,5,2,0.615424,20000,20,3714.285714285714,3606971428.571429,1428960000,63411428.571428575,6035.328024720703,5860953470.406466,2321911397.6705494,103036977.06203945,0.001905829596412556,0.015839068839029954,262352941176.47058,63135024.54991817,4871957102308.478,1172432563.100156
BBT12-10B,BBT12_10B_2023Aug31_McNabsIsland_34m,2023-08-31,12,10,34,McNabs Island,44.3689,-63.32757,15:11:00,15:23:00,1180,Deep sampled before surface,2024-06-10,150,46.8,0.85,1.6,0.5,0.01,1,500000000,56910,195716,original,9219,50,1000000,57499,original,11188,367,31,14753,10000000,1872,5,2,0.34146,5949.152542372882,5.9491525423728815,788.135593220339,497583050.8474576,146183898.30508476,4759322.033898304,2308.1344614898935,1457222078.2740517,428114269.03615284,13938153.909384131,0.0054235817333767216,0.03280300321773329,92190000000,30485013.6239782,457606270977.96405,151319377.4290172
BBT12-2B,BBT12_2B_2023Aug31_Tufts_16m,2023-08-31,12,2,16,Tufts Cove,44.4039,-63.3568,09:25:00,09:39:00,830,Niskin weights hit bottom,2024-06-10,100,53.3,1.37,1.81,0.5,0.01,1,500000000,97136,614490,original,8918,29,1000000,124112,original,34600,472,65,9868,10000000,6370,5,2,0.388544,6421.686746987952,6.421686746987952,1566.2650602409637,1480698795.180723,299065060.2409639,15349397.590361446,4031.1137483553052,3810890903.4259253,769707060.8244212,39504914.73388199,0.0032518501906257007,0.013641618497109827,153758620689.65518,73305084.7457627,953566907369.5654,454617130.68153054
BBT12-3B,BBT12_3B_2023Aug31_McKayBridge_1m,2023-08-31,12,3,1,McKay bridge,44.40635,-63.36859,10:01:00,10:20:00,390,Fell on deck,2024-06-10,100,90.7,1.28,1.79,0.25,0.01,1,500000000,109588,823152,original,11362,9,1000000,200804,original,5462,53,64,16434,10000000,12077,5,2,0.438352,23256.410256410254,23.256410256410255,3282.0512820512818,4221292307.692308,1029764102.5641026,61933333.333333336,7487.25061606034,9629914561.111408,2349171676.105282,141286758.8908761,7.921140644252772e-4,0.009703405346027096,631222222222.2222,103056603.7735849,14769121788138.467,2411283187.790187
BBT12-4B,BBT12_4B_2023Aug31_McKayBridge_28m,2023-08-31,12,4,28,McKay bridge,44.40635,-63.36859,10:24:00,10:39:00,1260,NA,2024-06-10,100,38.1,1.15,1.78,0.5,0.01,1,500000000,116653,527022,original,6010,28,1000000,127734,original,19743,647,41,15616,10000000,3777,5,2,0.466612,3023.809523809524,3.0238095238095237,650.7936507936507,836542857.1428572,202752380.95238096,5995238.095238095,1394.7212047560943,1792801850.665772,434520288.70320725,12848443.87893602,0.004658901830282862,0.032771108747404146,107321428571.42857,30514683.15301391,365081639398.26337,103803599.14615136
BBT12-5B,BBT12_5B_2023Aug31_DRDCBarge_1m,2023-08-31,12,5,1,DRDC barge,44.41122,-63.39046,12:08:00,12:26:00,320,Deep sampled before surface,2024-06-10,100,82.2,1.85,1.85,0.25,0.01,1,500000000,83417,497694,original,29984,49,1000000,122374,original,10922,416,75,18130,10000000,7795,5,2,0.333668,25687.5,25.6875,4687.5,3110587500,764837500,48718750,14048.395411007348,9322402807.581188,2292211120.035484,146009656.3050697,0.001634204909284952,0.03808826222303607,305959183673.46936,26254807.692307692,11461961578330.455,983567786.4039888
BBT12-6B,BBT12_6B_2023Aug31_DRDCBarge_48m,2023-08-31,12,6,48,DRDC barge,44.41122,-63.39046,11:54:00,12:06:00,1020,Deep sampled before surface,2024-06-10,100,48.2,1.33,1.79,0.5,0.01,1,500000000,75733,295345,original,17346,58,1000000,300511,original,67077,612,1106,26390,10000000,2220,5,2,0.302932,4725.490196078432,4.7254901960784315,21686.274509803923,579107843.137255,589237254.9019608,4352941.176470588,71587.92900652267,1911676030.0570917,1945113936.1373537,14369367.30510672,0.003343710365502133,0.009123842747886758,149534482758.6207,109602941.1764706,967890048440.4363,709425639.4075277
BBT12-7B,BBT12_7B_2023Aug31_SackvilleRiver_1m,2023-08-31,12,7,1,Sackville River,44.43106,-63.40082,13:11:00,13:29:00,560,Deep sampled before surface,2024-06-10,100,74,1.85,1.87,0.25,0.01,1,500000000,97548,648589,original,21748,34,1000000,141938,original,15218,345,61,3161,10000000,7472,5,2,0.390192,13214.285714285714,13.214285714285714,2178.5714285714284,2316389285.714286,506921428.5714286,26685714.285714287,5583.331868852843,5936537104.0777,1299158948.8544834,68391238.89191549,0.0015633621482435166,0.02267052175055855,319823529411.7647,44110144.927536234,5854691489094.101,807480583.3233792
BBT12-8B,BBT12_8B_2023Aug31_SackvilleRiver_16m,2023-08-31,12,8,16,Sackville River,44.43106,-63.40082,12:57:00,13:09:00,670,Deep sampled before surface,2024-06-10,150,52.1,0.95,1.66,0.5,0.01,1,500000000,76660,265987,cleaned,10475,55,1000000,49774,cleaned,46539,921,20,18536,10000000,3806,5,2,0.45996,11664.179104477611,11.664179104477611,895.5223880597015,1190986567.164179,222868656.7164179,17041791.04477612,1946.957100747242,2589326391.7822833,484539213.66296613,37050593.62722002,0.005250596658711217,0.01978985367111455,95227272727.27272,50530944.62540717,618011382737.1927,327938604.81967396
BBT12-9B,BBT12_9B_2023Aug31_McNabsIsland_1m,2023-08-31,12,9,1,McNabs Island,44.3689,-63.32757,15:28:00,15:41:00,620,Deep sampled before surface,2024-06-10,150,60,1.67,1.82,0.25,0.01,1,500000000,123353,510180,original,24304,38,1000000,131516,original,42539,549,39,22392,10000000,8300,5,2,0.740118,14516.129032258064,14.516129032258064,1887.0967741935485,2468612903.2258067,636367741.9354839,40161290.32258064,2549.724198294797,3335431516.63087,859819301.6998422,54263361.14319695,0.001563528637261356,0.012905804085662569,319789473684.2105,77484517.30418943,2787606698846.457,675432987.2262691
BBT12-BL1,BBT12_Blank1_2023Aug31_CoolerBlank_0m,2023-08-31,12,Blank1,0,Cooler blank 1,NA,NA,09:00:00,09:06:00,1000,NA,2024-06-10,100,10.2,0.8,2.02,1,0.01,1,500000000,65807,101905,original,11869,3646,1000000,11086,original,50637,12657,40,27179,10000000,143,5,2,0.263228,1019.9999999999998,1.0199999999999998,800,203810000,22172000,286000,3039.190359688179,774271734.0100597,84231160.81875788,1086510.553588524,0.3071867891145,0.2499555660880384,1627674163.4668128,4000711.0689736903,6183514532.902323,15198653.140903285
BBT12-BL2,BBT12_Blank2_2023Aug31_CoolerBlank_0m,2023-08-31,12,Blank2,0,Cooler blank 2,NA,NA,13:40:00,13:46:00,1000,NA,2024-06-10,100,15.6,0.7,1.58,1,0.01,1,500000000,51283,40845,original,19532,5865,1000000,859,original,11231,9797,113,24553,10000000,62,5,2,0.205132,1560,1.56,2260,81690000,1718000,124000,11017.296180020669,398231382.71941966,8375095.060741376,604488.8169568863,0.30027646938357566,0.8723176921022171,1665132139.8124468,1146371.3381647442,8117369010.258988,5588456.887100716
BBT13-1B,BBT13_1B_2023Sep25_Tufts_10m,2023-09-25,13,1,10,Tufts Cove,44.40472,-63.35711,09:47:00,09:58:00,1150,NA,2024-06-07,100,62,1.94,1.91,0.25,0.01,1,500000000,62766,386874,original,16924,22,1000000,212876,original,25472,524,406,32740,10000000,5122,5,2,0.251064,5391.304347826087,5.391304347826087,7060.869565217391,672824347.8260869,370219130.43478256,8907826.086956521,28123.783438555074,2679891771.9230433,1474600621.4940517,35480300.19021652,0.0012999290947766486,0.020571608040201004,384636363636.36365,48610687.02290076,5328783149508.576,673456371.7396258
BBT13-10B,BBT13_10B_2023Sep25_McNabsIsland_1m,2023-09-25,13,10,1,McNabs Island,44.37006,-63.32841,16:40:00,16:46:00,590,NA,2024-06-07,100,66.1,1.55,1.86,0.25,0.01,1,500000000,19055,368480,original,23952,72,1000000,228281,original,42588,768,52,29786,10000000,5331,5,2,0.07622,11203.389830508473,11.203389830508472,1762.7118644067796,1249084745.7627118,773833898.3050848,18071186.440677967,23126.63165057439,16387886981.930096,10152635768.893791,237092448.7100232,0.003006012024048096,0.01803324880247957,166333333333.33334,55453125,14795114350816.18,4932476906.724069
BBT13-2B,BBT13_2B_2023Sep25_Tufts_1m,2023-09-25,13,2,1,Tufts Cove,44.40472,-63.35711,09:56:00,10:04:00,720,NA,2024-06-07,100,105.6,1.98,1.9,0.2,0.01,1,500000000,22242,780192,original,22026,10,1000000,200608,original,49740,150,56,29519,10000000,14545,5,2,0.088968,14666.666666666666,14.666666666666666,1555.5555555555557,2167200000,557244444.4444445,40402777.77777778,17484.438849424012,24359320205.017532,6263425551.259378,454127076.90155756,4.540088985744121e-4,0.0030156815440289505,1101300000000,331600000,85962555825315.45,25883213939.593754
BBT13-3B,BBT13_3B_2023Sep25_McKayBridge_21m,2023-09-25,13,3,21,McKay bridge,44.40625,-63.36757,10:45:00,10:52:00,1445,NA,2024-06-07,100,26.7,1.85,2.14,0.5,0.01,1,500000000,67291,267501,original,7795,29,1000000,49091,original,12931,197,117,28685,10000000,2468,5,2,0.269164,1847.7508650519032,1.8477508650519032,1619.3771626297578,370243598.61591697,67946020.76124567,3415916.955017301,6016.321508930458,1375531640.9918003,252433537.77342317,12690838.87524818,0.0037203335471456063,0.01523470729255278,134396551724.13792,65639593.90862944,691087918687.193,337528974.9315794
BBT13-4B,BBT13_4B_2023Sep25_McKayBridge_1m,2023-09-25,13,4,1,McKay bridge,44.40625,-63.36757,10:52:00,11:01:00,500,NA,2024-06-07,100,75.2,1.78,1.9,0.25,0.01,1,500000000,60073,569925,original,22150,57,1000000,242859,original,51856,378,59,29407,10000000,11253,5,2,0.240292,15040,15.04,2360,2279700000,971436000,45012000,9821.3839828209,9487207231.202038,4042731343.532036,187322091.45539594,0.0025733634311512414,0.007289416846652268,194298245614.0351,137185185.1851852,6468737889369.104,4567282645.620667
BBT13-5B,BBT13_5B_2023Sep25_DRDCBarge_43m,2023-09-25,13,5,43,DRDC barge,44.40625,-63.36757,12:10:00,12:20:00,840,NA,2024-06-07,100,69.1,0.81,1.59,0.25,0.01,1,500000000,35138,162208,original,10803,28,1000000,58733,original,18086,317,455,31997,10000000,846,5,2,0.140552,8226.190476190475,8.2261904761904745,10833.333333333334,386209523.80952376,139840476.19047618,2014285.7142857143,77077.04858937144,2747805252.2164307,994937647.2086928,14331249.03441939,0.002591872627973711,0.01752736923587305,192910714285.7143,57053627.760252364,6535819120180.373,1932978127.0667613
BBT13-6B,BBT13_6B_2023Sep25_DRDCBarge_1m,2023-09-25,13,6,1,DRDC barge,44.40625,-63.36757,12:19:00,12:29:00,620,NA,2024-06-07,100,114.4,1.36,1.82,0.2,0.01,1,500000000,77774,643986,original,32823,50,1000000,68574,original,26834,234,43,32498,10000000,11548,5,2,0.311096,18451.612903225807,18.451612903225808,1387.0967741935485,2077374193.548387,221206451.6129032,37251612.9032258,4458.741913086469,6677598534.048613,711055274.2976549,119743143.28447106,0.0015233220607500837,0.008720280241484683,328230000000,114675213.67521368,8508679407746.35,2972716172.126872
BBT13-7B,BBT13_7B_2023Sep25_SackvilleRiver_15m,2023-09-25,13,7,15,Sackville River,44.4303,-63.40106,13:26:00,13:33:00,1340,NA,2024-06-07,100,65.7,1.02,1.73,0.25,0.01,1,500000000,101779,324638,original,17083,48,1000000,224399,original,50056,1027,78,27338,10000000,3346,5,2,0.407116,4902.985074626866,4.902985074626866,1164.1791044776119,484534328.35820895,334923880.5970149,4994029.850746268,2859.575905829326,1190162824.252078,822674325.2464038,12266847.411416572,0.0028098109231399636,0.020517020936551063,177947916666.66666,48740019.47419669,1304757884596.2173,357373808.559141
BBT13-8B,BBT13_8B_2023Sep25_SackvilleRiver_1m,2023-09-25,13,8,1,Sackville River,44.4303,-63.40106,13:32:00,13:44:00,620,NA,2024-06-07,100,78.3,1.48,1.9,0.25,0.01,1,500000000,93625,684639,original,44470,53,1000000,269234,original,63660,664,154,32021,10000000,8274,5,2,0.3745,12629.032258064515,12.629032258064516,4967.741935483871,2208512903.2258067,868496774.1935483,26690322.580645163,13264.998492613808,5897230716.223782,2319083509.195056,71269219.17395237,0.0011918147065437374,0.010430411561420045,419528301886.7925,95873493.97590362,7227327652126.146,1651638640.3532212
BBT13-9B,BBT13_9B_2023Sep25_McNabsIsland_32m,2023-09-25,13,9,32,McNabs Island,44.37006,-63.32841,16:31:00,16:36:00,1000,NA,2024-06-07,100,35.1,0.86,1.7,0.5,0.01,1,500000000,18824,138670,original,12481,102,1000000,34289,original,13107,921,220,21296,10000000,778,5,2,0.075296,3510,3.51,4400,277340000,68578000,1556000,58436.03909902252,3683329791.755206,910778793.0301743,20665108.372290693,0.008172422081563976,0.07026779583428702,61181372549.01961,14231270.358306188,1625089581093.806,378008668.6757912
BBT13-BL1,BBT13_Blank1_2023Sep25_CoolerBlank_0m,2023-09-25,13,Blank1,0,Cooler blank 1,NA,NA,09:10:00,09:18:00,1000,OAE MgOH release sampling was on Sept 12 and 15.,2024-06-07,100,5.5,0.93,3.02,1,0.01,1,500000000,21840,36470,original,12924,4713,1000000,480,original,11225,10921,15,31624,10000000,58,5,2,0.08736,550,0.55,300,72940000,960000,116000,3434.0659340659345,834935897.4358975,10989010.98901099,1327838.8278388279,0.3646703806870938,0.9729175946547884,1371101209.420751,1027836.2787290541,15694839851.428013,11765525.168601811
BBT13-BL2,BBT13_Blank2_2023Sep25_CoolerBlank_0m,2023-09-25,13,Blank2,0,Cooler blank 2,NA,NA,13:39:00,13:46:00,940,NA,2024-06-07,100,9.6,0.65,1.91,1,0.01,1,500000000,83528,51164,Failed,3139,2485,1000000,1174,original,7062,5321,43,23857,10000000,82,5,2,0.334112,1021.2765957446808,1.0212765957446808,914.8936170212766,108859574.46808511,2497872.340425532,174468.08510638296,2738.2842191279465,325817613.45921457,7476152.728502814,522184.43248486426,0.7916533928002548,0.7534692721608609,631589537.22334,1327194.1364405188,2011013561.3313894,4225854.371551413
BBT14-10B,BBT14_10B_2023Nov03_McKayBridge_1m,2023-11-03,14,10,1,McKay bridge,44.40617,-63.36779,15:12:00,15:18:00,650,NA,2024-06-13,100,74.7,2.02,1.89,0.25,0.01,1,500000000,94040,824550,original,9829,10,1000000,349881,original,19043,212,45,29503,10000000,8967,5,2,0.37616,11492.307692307691,11.492307692307692,1384.6153846153845,2537076923.076923,1076556923.076923,27590769.230769232,3680.9213755194187,6744674933.743416,2861965448.418022,73348493.2761836,0.0010173974972021568,0.011132699679672321,491450000000,89825471.6981132,8039950266662.305,1469513328.1764421
BBT14-11B,BBT14_11B_2023Nov03_Tufts_12m,2023-11-03,14,11,12,Tufts Cove,44.40466,-63.35707,15:29:00,15:35:00,550,NA,2024-06-13,100,44.1,1.73,1.87,0.5,0.01,1,500000000,58865,575761,original,11125,33,1000000,144993,original,12146,251,46,30698,10000000,5359,5,2,0.23546,8018.181818181818,8.018181818181818,1672.7272727272725,2093676363.6363635,527247272.7272727,19487272.727272727,7104.0825309066195,8891855787.12462,2239222257.3994427,82762561.48506212,0.002966292134831461,0.020665239585048574,168560606060.60605,48390438.24701195,2603192297639.5303,747325363.0728548
BBT14-12B,BBT14_12B_2023Nov03_Tufts_1m,2023-11-03,14,12,1,Tufts Cove,44.40466,-63.35707,15:35:00,15:41:00,650,NA,2024-06-13,100,54.6,1.83,1.84,0.5,0.01,1,500000000,56189,377102,cleaned,5824,39,1000000,170134,original,NA,NA,50,28718,10000000,4310,5,2,0.224756,8400,8.4,1538.4615384615386,1160313846.1538463,523489230.7692307,13261538.46153846,6845.0298922455395,5162548924.851155,2329144631.3746057,59004157.67115655,0.006696428571428571,NA,74666666666.66667,NA,1022191130575.334,NA
BBT14-3B,BBT14_3B_2023Nov03_McNabsIsland_36m,2023-11-03,14,3,36,McNabs Island,44.37022,-63.32816,11:40:00,11:50:00,1080,NA,2024-06-13,100,35.4,1.71,1.85,0.5,0.01,1,500000000,106128,625320,cleaned,19464,97,1000000,30868,cleaned,95786,1890,148,26871,10000000,6302,5,2,0.424512,3277.777777777778,3.2777777777777777,2740.740740740741,1158000000,57162962.96296296,11670370.370370371,6456.214996845179,2727838082.3156943,134655705.758525,27491261.42575562,0.004983559391697492,0.019731484768128953,100329896907.21649,50680423.28042328,437669854759.66345,221083587.04698
BBT14-4B,BBT14_4B_2023Nov03_McNabsIsland_1m,2023-11-03,14,4,1,McNabs Island,44.37022,-63.32816,11:50:00,11:59:00,950,NA,2024-06-13,100,51.8,2.04,1.91,0.5,0.01,1,500000000,40462,587735,original,10396,25,1000000,92881,original,5057,137,66,26802,10000000,8412,5,2,0.161848,5452.631578947368,5.4526315789473685,1389.4736842105265,1237336842.1052632,195538947.36842105,17709473.684210528,8585.053162291326,7645054879.301958,1208164125.4042132,109420404.85029489,0.0024047710657945365,0.027091160767253313,207920000000,36912408.759124085,2704551899247.897,480143926.58380044
BBT14-5B,BBT14_5B_2023Nov03_SackvilleRiver_15m,2023-11-03,14,5,15,Sackville River,44.43087,-63.40109,13:58:00,14:08:00,1075,NA,2024-06-13,100,62.2,2.11,1.9,0.25,0.01,1,500000000,138033,998790,original,19153,49,1000000,542711,original,19957,198,79,33017,10000000,13004,5,2,0.552132,5786.0465116279065,5.786046511627907,1469.7674418604652,1858213953.488372,1009694883.7209302,24193488.372093022,2661.9856155058305,3365524826.469707,1828720095.4136515,43818304.992452934,0.002558345951025949,0.009921330861351907,195438775510.20407,100792929.29292929,1317101795241.1047,679264121.3227191
BBT14-6B,BBT14_6B_2023Nov03_SackvilleRiver_1m,2023-11-03,14,6,1,Sackville River,44.43087,-63.40109,14:07:00,14:15:00,650,NA,2024-06-13,100,90.8,2.01,1.93,0.25,0.01,1,500000000,76982,909802,original,37183,153,1000000,206915,original,36551,433,321,35787,10000000,11230,5,2,0.307928,13969.23076923077,13.96923076923077,9876.923076923078,2799390769.230769,636661538.4615386,34553846.15384616,32075.430220451133,9091056250.911802,2067566244.256899,112214044.04226363,0.004114783637683888,0.011846461109135181,121513071895.42484,84413394.91916859,2428401282526.0815,1686975675.0163093
BBT14-7B,BBT14_7B_2023Nov03_DRDCBarge_46m,2023-11-03,14,7,46,DRDC barge,44.41255,-63.39116,14:30:00,14:39:00,750,NA,2024-06-13,100,52.2,1.87,1.88,0.5,0.01,1,500000000,24086,684588,original,27017,77,1000000,154039,original,41205,303,71,34326,10000000,7408,5,2,0.096344,6960,6.96,1893.3333333333333,1825568000,410770666.6666667,19754666.666666668,19651.803260538625,18948434775.38819,4263583271.056492,205043040.21700022,0.0028500573712847465,0.007353476519839825,175435064935.06494,135990099.009901,4855796311413.683,3764015029.75175
BBT14-8B,BBT14_8B_2023Nov03_DRDCBarge_1m,2023-11-03,14,8,1,DRDC barge,44.41255,-63.39116,14:38:00,14:45:00,600,NA,2024-06-13,100,51.4,1.85,1.86,0.5,0.01,1,500000000,51576,1010166,original,31735,181,1000000,119857,original,12976,104,43,27736,10000000,11069,5,2,0.206304,8566.666666666666,8.566666666666666,1433.3333333333333,3367220000,399523333.3333333,36896666.666666664,6947.67592161729,16321641848.921978,1936575797.5285666,178846104.13112044,0.005703481959981094,0.008014796547472256,87665745856.35359,124769230.76923077,1416449282876.299,2015944605.5211527
BBT14-9B,BBT14_9B_2023Nov03_McKayBridge_22m,2023-11-03,14,9,22,McKay bridge,44.40617,-63.36779,15:05:00,15:13:00,650,NA,2024-06-13,100,35.1,1.84,1.87,0.5,0.01,1,500000000,57613,650377,original,17491,94,1000000,90452,original,10784,269,61,27178,10000000,5878,5,2,0.230452,5400,5.4,1876.923076923077,2001160000,278313846.15384614,18086153.846153848,8144.529346341437,8683630430.631977,1207686833.500452,78481218.84884422,0.005374192441827226,0.024944362017804155,93037234042.55319,40089219.33085502,1242204070429.5264,535258726.7410937
BBT14-BL2,BBT14_Blank2_2023Nov03_CoolerBlank_0m,2023-11-03,14,Blank2,0,Cooler blank 1,NA,NA,11:08:00,11:12:00,850,NA,2024-06-13,100,5.7,0.84,2.3,1,0.01,1,500000000,116453,106005,original,6817,3887,1000000,2213,original,22766,17910,23,23162,10000000,183,5,2,0.465812,670.5882352941176,0.6705882352941176,541.1764705882352,249423529.4117647,5207058.823529412,430588.23529411765,1161.7916038836167,535459647.69427305,11178455.736497581,924382.0152639212,0.570192166642218,0.7866994641131512,876897350.1414973,1271133.4450027917,2214721693.17866,3210417.7474345663
BBT14-BL3,BBT14_Blank3_2023Nov03_CoolerBlank_0m,2023-11-03,14,Blank3,0,Cooler blank 2,NA,NA,14:13:00,14:18:00,600,NA,2024-06-13,100,7.3,0.88,2.05,1,0.01,1,500000000,35037,101852,original,4719,3340,1000000,2127,original,22465,9811,28,10908,10000000,127,5,2,0.140148,1216.6666666666665,1.2166666666666666,933.3333333333334,339506666.6666667,7090000,423333.3333333333,6659.6264900914275,2422486704.5314,50589376.94437309,3020616.3008628977,0.707777071413435,0.43672379256621413,706437125.748503,2289776.781164,8401084636.104961,27230460.907564383
BBT15-1B,BBT15_1B_2023Nov24_McNabsIsland_26m,2023-11-24,15,1,26,McNabs Island,44.36997,-63.32658,09:05:00,09:10:00,1120,NA,2024-06-14,100,35.3,1.86,1.82,0.5,0.01,1,500000000,148893,642527,original,7498,30,1000000,138014,original,19999,288,44,19363,10000000,7780,5,2,0.595572,3151.7857142857138,3.151785714285714,785.7142857142858,1147369642.857143,246453571.42857143,13892857.142857144,1319.259947939604,1926500310.385886,413809869.21576476,23326914.534022994,0.0040010669511869835,0.0144007200360018,124966666666.66667,69440972.22222222,374689814001.9375,208206121.3608281
BBT15-11B,BBT15_11B_2023Nov24_SackvilleRiver_15m,2023-11-24,15,11,15,Sackville River,44.71788,-63.66819,11:29:00,11:42:00,800,NA,2024-06-14,100,42.6,2.27,1.91,0.5,0.01,1,500000000,44293,647792,original,12843,34,1000000,602202,original,34961,261,26,13599,10000000,5817,5,2,0.177172,5325,5.325,650,1619480000,1505505000,14542500,3668.7512699523627,9140722010.249928,8497420585.645588,82081254.37428035,0.0026473565366347427,0.0074654615142587455,188867647058.82352,133950191.57088123,2665032384615.282,1890115136.2924337
BBT15-12B,BBT15_12B_2023Nov24_SackvilleRiver_1m,2023-11-24,15,12,1,Sackville River,44.71788,-63.66819,11:39:00,11:48:00,510,NA,2024-06-14,100,46.4,2.24,1.87,0.5,0.01,1,500000000,63563,995611,original,20463,22,1000000,537757,original,31190,198,19,15707,10000000,6728,5,2,0.254252,9098.039215686274,9.098039215686274,745.0980392156863,3904356862.7450976,2108850980.3921566,26384313.725490198,2930.5493731246415,15356248378.55788,8294333890.754673,103772295.69675046,0.0010751111762693642,0.006348188521962167,465068181818.1818,157525252.52525252,7173185624670.997,2429660684.416735
BBT15-13B,BBT15_13B_2023Nov24_DRDCBarge_46m,2023-11-24,15,13,46,DRDC barge,44.68656,-63.65201,11:58:00,12:09:00,1060,NA,2024-06-14,100,41,1.16,1.75,0.5,0.01,1,500000000,8854,82750,original,4258,7,1000000,24717,original,9736,135,379,21596,10000000,439,5,2,0.035416,3867.9245283018868,3.8679245283018866,7150.943396226415,156132075.4716981,46635849.056603774,828301.8867924528,201912.79072245353,4408518056.0113535,1316801701.3949564,23387787.632495277,0.0016439643024894317,0.013866064092029581,304142857142.8571,72118518.51851852,16203254106600.209,3842124363.2831187
BBT15-14B,BBT15_14B_2023Nov24_DRDCBarge_1m,2023-11-24,15,14,1,DRDC barge,44.68656,-63.65201,12:08:00,12:17:00,690,NA,2024-06-14,100,41.5,2.37,1.92,0.5,0.01,1,500000000,20182,148298,original,15198,30,1000000,102770,original,29053,391,30,13317,10000000,1242,5,2,0.080728,6014.492753623188,6.0144927536231885,869.5652173913044,429849275.3623189,297884057.97101444,3600000,10771.544165485388,5324661522.177174,3689971979.623111,44594192.84510951,0.0019739439399921043,0.013458162668227034,253300000000,74304347.82608695,9094773790391.494,2667908547.6542797
BBT15-16B,BBT15_16B_2023Nov24_Tufts_1m,2023-11-24,15,16,1,Tufts Cove,44.67459,-63.59547,12:36:00,12:45:00,670,NA,2024-06-14,100,25.8,2.13,1.88,1,0.01,1,500000000,28568,142518,cleaned,18766,108,1000000,93179,cleaned,107742,1618,74,8605,10000000,1017,5,2,0.114272,3850.7462686567164,3.8507462686567164,2208.9552238805973,425426865.67164177,278146268.6567164,3035820.895522388,19330.67789030206,3722931826.446039,2434071939.378994,26566620.830320533,0.005755088990727912,0.015017356277032169,86879629629.62962,66589616.81087763,1134758199729.1306,869744887.438999
BBT15-2B,BBT15_2B_2023Nov24_McNabsIsland_1m,2023-11-24,15,2,1,McNabs Island,44.36997,-63.32658,09:17:00,09:26:00,880,NA,2024-06-14,100,39,2.39,1.89,0.5,0.01,1,500000000,68283,792921,original,11183,30,1000000,196015,original,20148,228,42,15525,10000000,7595,5,2,0.273132,4431.818181818182,4.431818181818182,954.5454545454546,1802093181.818182,445488636.3636364,17261363.636363637,3494.813696474432,6597883740.529055,1631037873.129609,63197881.01124598,0.0026826432978628275,0.011316259678379988,186383333333.33334,88368421.05263157,1550892919352.126,735312305.3108485
BBT15-3B,BBT15_3B_2023Nov24_Tufts_10m,2023-11-24,15,3,10,Tufts Cove,44.67464,-63.59552,09:53:00,10:00:00,890,Tanja's patch samples (for OAE incubations),2024-06-14,100,42.3,2.25,1.9,0.5,0.01,1,500000000,68957,870525,original,12552,35,1000000,394553,original,38768,374,44,21699,10000000,8360,5,2,0.275828,4752.808988764044,4.752808988764045,988.7640449438203,1956235955.0561798,886635955.0561798,18786516.853932586,3584.7123748996487,7092231227.635264,3214452321.9404116,68109535.12309332,0.002788400254939452,0.009647131654973174,179314285714.2857,103657754.01069519,1460886679537.0254,844507348.9919152
BBT15-4B,BBT15_4B_2023Nov24_Tufts_1m,2023-11-24,15,4,1,Tufts Cove,44.67464,-63.59552,09:57:00,10:05:00,640,Tanja's patch samples (for OAE incubations),2024-06-14,100,26.1,2.43,1.91,1,0.01,1,500000000,112680,656496,cleaned,13223,143,1000000,216855,cleaned,98500,2323,23,14495,10000000,5299,5,2,0.45072,4078.125,4.078125,718.7499999999999,2051550000,677671875,16559375,1594.6707490237839,4551717252.396166,1503531849.0415335,36739827.38729145,0.01081448990395523,0.023583756345177665,46234265734.26573,42402066.29358588,160279198193.53525,146994206.12293208
BBT15-7B,BBT15_7B_2023Nov24_McKayBridge_27m,2023-11-24,15,7,27,McKay bridge,44.67666,-63.6101,10:41:00,10:49:00,1200,Tanja's out-of-patch/control samples (for OAE incubations),2024-06-14,100,46.5,2.16,1.9,0.5,0.01,1,500000000,36399,853707,original,8596,21,1000000,345006,original,11515,98,33,8400,10000000,7345,5,2,0.145596,3875,3.875,550,1422845000,575010000,12241666.666666666,3777.576307041402,9772555564.713316,3949353004.2034116,84079690.83399728,0.0024429967426710096,0.00851063829787234,204666666666.66666,117500000,2342860457094.3647,1345046109.3253477
BBT15-8B,BBT15_8B_2023Nov24_McKayBridge_1m,2023-11-24,15,8,1,McKay bridge,44.67666,-63.6101,10:46:00,10:54:00,540,Tanja's out-of-patch/control samples (for OAE incubations),2024-06-14,100,34.7,2.55,1.92,0.5,0.01,1,500000000,25827,800234,original,23875,68,1000000,230043,original,16382,171,31,9107,10000000,7335,5,2,0.103308,6425.925925925926,6.4259259259259265,1148.148148148148,2963829629.6296296,852011111.1111112,27166666.666666668,11113.835793434662,28689255717.17224,8247290733.642227,262967695.305946,0.0028481675392670156,0.010438285923574655,175551470588.2353,95801169.59064327,6293710378753.618,3434575702.0948243
BBT15-BL1,BBT15_Blank1_2023Nov24_CoolerBlank_0m,2023-11-24,15,Blank1,0,Cooler blank 1,NA,NA,08:40:00,08:46:00,1230,"This transect occurred during a OAE Brucite release day, which added more stations to the survey",2024-06-14,100,7.9,0.89,1.74,1,0.01,1,500000000,39439,28888,original,5249,798,1000000,3523,original,19157,7934,37,24959,10000000,52,5,2,0.157756,642.2764227642277,0.6422764227642277,601.6260162601626,46972357.72357724,5728455.284552845,84552.84552845528,3813.6490292614076,297753224.74946904,36312123.054291725,535972.296004306,0.15202895789674223,0.41415670512084357,3288847117.794486,2414544.996218805,16949335970.494755,12443550.244510587
BBT16-1B,BBT16_1B_2023Dec14_Tufts_10m,2023-12-14,16,1,10,Tufts Cove,44.40467,-63.35703,09:19:00,09:40:00,850,NA,2024-06-06,100,23.2,1.72,1.95,1,0.01,1,500000000,53691,151532,original,16488,124,1000000,37532,original,22844,584,229,18449,10000000,1676,5,2,0.214764,2729.4117647058824,2.7294117647058824,5388.235294117648,356545882.3529412,88310588.23529412,3943529.411764706,25089.09916986854,1660175273.1041567,411198283.861793,18362152.929563172,0.007520621057738962,0.02556469970232884,66483870967.741936,39116438.35616438,364196600852.9304,214278646.52616978
BBT16-10B,BBT16_10B_2023Dec14_McNabsIsland_1m,2023-12-14,16,10,1,McNabs Island,44.36961,-63.32791,14:39:00,14:50:00,780,NA,2024-06-06,100,19.1,2.92,2.05,1,0.01,1,500000000,70428,153859,original,21153,121,1000000,21765,original,13556,470,43,23675,10000000,1217,5,2,0.281712,2448.7179487179487,2.448717948717949,1102.5641025641025,394510256.41025645,55807692.307692304,3120512.8205128205,3913.798853311547,1400402739.0038633,198101934.98215303,11076960.940651517,0.005720228809152366,0.03467099439362644,87409090909.09091,28842553.19148936,397792557870.9357,131260408.84584692
BBT16-2B,BBT16_2B_2023Dec14_Tufts_1m,2023-12-14,16,2,1,Tufts Cove,44.40467,-63.35703,09:27:00,09:51:00,740,NA,2024-06-06,100,30.9,1.09,1.78,0.5,0.01,1,500000000,54109,223633,original,16950,128,1000000,47830,original,52503,1827,109,12388,10000000,2184,5,2,0.216436,4175.675675675676,4.175675675675675,2945.9459459459463,604413513.5135134,129270270.27027027,5902702.702702702,13611.16425153831,2792573848.6828136,597267877.2028234,27272277.729687776,0.0075516224188790565,0.03479801154219759,66210937500,28737274.22003284,826796280331.0435,358851155.5507932
BBT16-3B,BBT16_3B_2023Dec14_McKayBridge_26m,2023-12-14,16,3,26,McKay bridge,44.40601,-63.36602,10:06:00,10:28:00,1030,NA,2024-06-06,100,20.9,1.37,1.93,1,0.01,1,500000000,45606,280160,original,8511,47,1000000,35548,original,20686,644,440,21285,10000000,2592,5,2,0.182424,2029.126213592233,2.029126213592233,8543.68932038835,544000000,69025242.71844661,5033009.708737864,46834.23957586913,2982063763.539885,378378079.19158995,27589624.76833017,0.005522265303724592,0.031132166682780623,90542553191.48936,32121118.01242236,481874048634.2144,170950924.5952902
BBT16-4B,BBT16_4B_2023Dec14_McKayBridge_1m,2023-12-14,16,4,1,McKay bridge,44.40601,-63.36602,10:11:00,10:32:00,850,NA,2024-06-06,100,29.5,1.25,1.85,0.5,0.01,1,500000000,29373,178940,original,10023,53,1000000,22843,original,6114,105,91,NA,10000000,2313,5,2,0.117492,3470.5882352941176,3.4705882352941178,2141.176470588235,421035294.11764705,53748235.29411765,5442352.94117647,18224.01925738123,3583523083.4239526,457462936.1498455,46321051.14540966,0.005287837972662876,0.01717369970559372,94556603773.5849,58228571.428571425,1893627877013.602,1166108359.3891032
BBT16-5B,BBT16_5B_2023Dec14_DRDCBarge_42m,2023-12-14,16,5,42,DRDC barge,44.41182,-63.38963,11:33:00,11:51:00,930,NA,2024-06-06,100,38.5,0.92,1.74,0.5,0.01,1,500000000,28273,199212,original,12713,44,1000000,54872,original,21324,282,227,34194,10000000,928,5,2,0.113092,4139.784946236559,4.139784946236559,4881.720430107527,428412903.2258064,118004301.07526882,1995698.9247311829,43165.92181681752,3788180448.005221,1043436326.8424717,17646685.218505137,0.0034610241485093997,0.013224535734383792,144465909090.9091,75617021.27659574,2747138386349.625,1437920012.5313473
BBT16-6B,BBT16_6B_2023Dec14_DRDCBarge_1m,2023-12-14,16,6,1,DRDC barge,44.41182,-63.38963,11:40:00,12:01:00,830,NA,2024-06-06,100,33.1,1.67,1.91,0.5,0.01,1,500000000,42348,76133,original,17151,76,1000000,43341,original,34715,667,113,16251,10000000,788,5,2,0.169392,3987.9518072289156,3.9879518072289155,2722.89156626506,183453012.04819277,104436144.57831325,1898795.1807228916,16074.499186886396,1083008713.8010814,616535282.5299499,11209473.769262373,0.00443122849979593,0.019213596428057037,112835526315.78947,52046476.76161919,1605110244261.112,740372609.1902207
BBT16-7B,BBT16_7B_2023Dec14_SackvilleRiver_15m,2023-12-14,16,7,15,Sackville River,44.43015,-63.40064,12:31:00,12:50:00,1000,NA,2024-06-06,100,40.4,1.41,1.88,0.5,0.01,1,500000000,34533,130384,original,11014,47,1000000,43904,original,22696,319,34,28816,10000000,1317,5,2,0.138132,4040,4.04,680,260768000,87808000,2634000,4922.827440419309,1887817449.975386,635681811.6004981,19068716.87950656,0.004267296168512802,0.014055340148043709,117170212765.95744,71147335.4231975,1696496290011.8357,1030135456.2765687
BBT16-8B,BBT16_8B_2023Dec14_SackvilleRiver_1m,2023-12-14,16,8,1,Sackville River,44.43015,-63.40064,12:38:00,13:03:00,870,NA,2024-06-06,100,42.7,1.74,1.84,0.5,0.01,1,500000000,56247,315709,original,15821,88,1000000,146658,original,13024,194,31,29789,10000000,3464,5,2,0.224988,4908.045977011494,4.908045977011494,712.6436781609195,725767816.091954,337144827.5862069,7963218.390804598,3167.474168226392,3225806781.214794,1498501376.0120847,35393969.41527814,0.005562227419252891,0.014895577395577396,89892045454.54546,67134020.61855671,918486231955.8239,685952503.6079239
BBT16-9B,BBT16_9B_2023Dec14_McNabsIsland_35m,2023-12-14,16,9,35,McNabs Island,44.36961,-63.32791,14:33:00,14:52:00,980,NA,2024-06-06,100,11.9,1.78,2.02,1,0.01,1,500000000,48852,70237,original,8963,194,1000000,25666,original,9252,494,70,28230,10000000,378,5,2,0.195408,1214.2857142857142,1.2142857142857142,1428.5714285714287,143340816.32653064,52379591.8367347,771428.5714285715,7310.711069001416,733546304.7906463,268052443.28141475,3947783.977260764,0.02164453865893116,0.053393860786856893,23100515463.917526,18728744.939271256,120629424358.3573,97800316.38288186
BBT16-BL1,BBT16_Blank1_2023Dec14_CoolerBlank_0m,2023-12-14,16,Blank1,0,Cooler blank 1,NA,NA,08:30:00,08:30:00,910,NA,2024-06-05,100,3.4,1.02,4.8,1,0.01,1,500000000,40497,60866,original,12103,1977,1000000,1728,original,12819,7932,187,18521,10000000,86,5,2,0.161988,373.6263736263736,0.37362637362637363,4109.89010989011,133771428.57142858,3797802.197802198,189010.98901098903,25371.571412018853,825810730.248096,23444960.10693507,1166820.9312479259,0.1633479302652235,0.6187690147437398,3060950935.7612543,1616111.9515885022,20765009426.564865,10963449.14158953
BBT16-BL2,BBT16_Blank2_2023Dec14_CoolerBlank_0m,2023-12-14,16,Blank2,0,Cooler blank 2,NA,NA,13:00:00,13:00:00,1010,NA,2024-06-05,100,0.6,-0.48,-0.47,1,0.01,1,500000000,47599,38922,original,7463,5423,1000000,1011,original,8766,6133,41,NA,10000000,56,5,2,0.190396,59.4059405940594,0.0594059405940594,811.8811881188117,77073267.32673268,2001980.1980198019,110891.08910891089,4264.171453805814,404805076.40251195,10514822.779994339,582423.4180807942,0.7266514806378133,0.6996349532283824,688087774.2946708,1429316.8106962335,3578200298.6098948,7432746.2714824965
BBT17-1B,BBT17_1B_2024Jan19_Tufts_10m,2024-01-19,17,1,10,Tufts Cove,44.40475,-63.35708,09:08:00,09:36:00,770,NA,2024-06-06,100,20,2.15,2.12,1,0.01,1,500000000,19903,152021,original,28779,127,1000000,33121,original,11134,196,47,23167,10000000,1507,5,2,0.079612,2597.402597402597,2.5974025974025974,1220.7792207792209,394859740.2597403,86028571.42857143,3914285.714285714,15334.110696618862,4959801791.937651,1080598043.367475,49167031.53149921,0.0044129399909656345,0.017603736303215375,113303149606.29921,56806122.448979594,1848301104615.489,926671670.0833392
BBT17-10B,BBT17_10B_2024Jan19_McNabsIsland_1m,2024-01-19,17,10,1,McNabs Island,44.36961,-63.32756,14:51:00,15:09:00,780,NA,2024-06-05,100,17.1,1.77,2.05,1,0.01,1,500000000,38203,200063,original,19784,93,1000000,33545,original,64362,69,149,18622,10000000,1505,5,2,0.152812,2192.3076923076924,2.1923076923076925,3820.512820512821,512982051.2820513,86012820.51282051,3858974.358974359,25001.39269502932,3356948742.7823157,562866924.8018514,25253084.56779807,0.004700768297614234,0.001072061154097138,106365591397.84946,932782608.6956521,892378496569.3513,7825793388.957674
BBT17-2B,BBT17_2B_2024Jan19_Tufts_1m,2024-01-19,17,2,1,Tufts Cove,44.40475,-63.35708,09:18:00,09:40:00,1010,NA,2024-06-06,100,27.3,1.79,1.91,0.5,0.01,1,500000000,76228,273673,original,8559,26,1000000,60336,original,21054,773,82,14569,10000000,3315,5,2,0.304912,2702.970297029703,2.702970297029703,1623.7623762376234,541926732.6732674,119477227.72277229,6564356.435643565,5325.3475633547505,1777321760.6170542,391841671.4421612,21528691.673806097,0.0030377380535109243,0.036715113517621356,164596153846.15384,27236739.97412678,1068941130270.95,176884276.65236947
BBT17-3B,BBT17_3B_2024Jan19_McKayBridge_26m,2024-01-19,17,3,26,McKay bridge,44.40611,-63.36557,10:00:00,10:20:00,920,NA,2024-06-05,100,15.9,1.78,2.06,1,0.01,1,500000000,44045,42584,original,4960,29,1000000,14753,original,23199,1671,69,16934,10000000,343,5,2,0.17618,1728.2608695652173,1.7282608695652173,1500,92573913.04347825,32071739.130434785,745652.1739130435,8514.019752525826,525450749.48052144,182039613.63625148,4232331.558139649,0.005846774193548387,0.07202896676580887,85517241379.31035,13883303.41113106,527605421945.6284,85654144.54541957
BBT17-4B,BBT17_4B_2024Jan19_McKayBridge_1m,2024-01-19,17,4,1,McKay bridge,44.40611,-63.36557,10:07:00,10:30:00,870,NA,2024-06-05,100,24,1.64,1.9,1,0.01,1,500000000,19449,65951,original,18479,69,1000000,31940,original,28343,456,104,14639,10000000,603,5,2,0.077796,2758.6206896551726,2.7586206896551726,2390.8045977011498,151611494.25287357,73425287.35632184,1386206.8965517243,30731.716254063824,1948834056.4151568,943818285.7257679,17818485.481923543,0.0037339682883272903,0.016088628585541404,133905797101.44928,62155701.75438596,1978439885238.4526,918342014.3692338
BBT17-5B,BBT17_5B_2024Jan19_DRDCBarge_42m,2024-01-19,17,5,42,DRDC barge,44.41244,-63.38985,11:33:00,11:55:00,1080,NA,2024-06-05,100,35.9,1.29,1.83,0.5,0.01,1,500000000,34700,59536,original,19795,77,1000000,27976,original,13744,585,53,9780,10000000,560,5,2,0.1388,3324.074074074074,3.324074074074074,981.4814814814815,110251851.85185185,51807407.40740741,1037037.037037037,7071.192229693671,794321699.2208346,373252214.7507738,7471448.393638595,0.003889871179590806,0.0425640279394645,128538961038.96104,23494017.094017096,1714950382097.3562,313454171.9235923
BBT17-6B,BBT17_6B_2024Jan19_DRDCBarge_1m,2024-01-19,17,6,1,DRDC barge,44.41244,-63.38985,11:40:00,12:02:00,830,NA,2024-06-05,100,28.8,1.65,1.93,0.5,0.01,1,500000000,34184,77794,original,17609,52,1000000,27921,original,23158,908,371,11921,10000000,835,5,2,0.136736,3469.879518072289,3.4698795180722892,8939.759036144578,187455421.68674698,67279518.07228915,2012048.1927710844,65379.70275673253,1370929540.7701483,492039536.5689296,14714838.760612305,0.0029530353796354135,0.039208912686760515,169317307692.30768,25504405.28634361,2983804649189.568,449452947.8728795
BBT17-7B,BBT17_7B_2024Jan19_SackvilleRiver_15m,2024-01-19,17,7,15,Sackville River,44.43073,-63.4011,12:29:00,12:48:00,1030,NA,2024-06-05,100,41.1,1.47,1.86,0.5,0.01,1,500000000,29251,168435,original,14266,52,1000000,75056,original,89227,1648,83,16612,10000000,1855,5,2,0.117004,3990.2912621359224,3.9902912621359223,1611.6504854368934,327058252.42718446,145739805.82524273,3601941.7475728155,13774.319556911674,2795274113.9378524,1245596781.5223644,30784774.431411024,0.0036450301415954017,0.01846974570477546,137173076923.07692,54142597.08737864,2276464814630.467,898527028.8224922
BBT17-8B,BBT17_8B_2024Jan19_SackvilleRiver_1m,2024-01-19,17,8,1,Sackville River,44.43073,-63.4011,12:35:00,13:00:00,820,NA,2024-06-05,100,37.2,1.81,1.87,0.5,0.01,1,500000000,53323,228587,original,17332,39,1000000,47099,original,27239,1111,159,14746,10000000,2086,5,2,0.213292,4536.585365853659,4.536585365853659,3878.048780487805,557529268.2926829,114875609.75609756,5087804.87804878,18181.876397088523,2613924893.0699835,538583771.3374039,23853707.021589093,0.0022501730902377104,0.040787106721979514,222205128205.1282,24517551.755175516,2540947280392.987,280361695.3281899
BBT17-9B,BBT17_9B_2024Jan19_McNabsIsland_35m,2024-01-19,17,9,35,McNabs Island,44.36961,-63.32756,14:45:00,15:04:00,1030,NA,2024-06-05,100,14.6,1.01,1.97,1,0.01,1,500000000,18089,41795,original,6501,208,1000000,10239,original,18409,54,389,27324,10000000,185,5,2,0.072356,1417.4757281553398,1.4174757281553398,7553.398058252427,81155339.80582525,19881553.39805825,359223.30097087374,104392.14520222825,1121611750.3154573,274774080.9063278,4964665.003190804,0.031995077680356865,0.002933347819001575,15627403846.153847,340907407.4074074,209688716123.5929,4574300202.389364
BBT17-BL1,BBT17_Blank1_2024Jan19_CoolerBlank_0m,2024-01-19,17,Blank1,0,Cooler blank 1,NA,NA,08:50:00,08:58:00,940,NA,2024-06-05,100,6,0.73,2.19,1,0.01,1,500000000,26979,30597,original,4891,3817,1000000,2720,original,8979,494,107,21052,10000000,37,5,2,0.107916,638.2978723404256,0.6382978723404256,2276.595744680851,65100000,5787234.042553191,78723.40425531915,21095.998227147516,603246969.865451,53627210.446580596,729487.7891630448,0.7804130034757718,0.05501726250139214,640686402.9342415,18176113.360323887,6315850103.017886,179179091.227021
BBT17-BL2,BBT17_Blank2_2024Jan19_CoolerBlank_0m,2024-01-19,17,Blank2,0,Cooler blank 2,NA,NA,13:00:00,13:00:00,1090,NA,2024-06-05,100,8.3,0.73,1.88,1,0.01,1,500000000,56382,41395,original,2949,1857,1000000,464,original,13536,429,69,13975,10000000,45,5,2,0.225528,761.467889908257,0.761467889908257,1266.0550458715595,75954128.44036697,851376.1467889908,82568.80733944953,5613.737743746052,336783585.3657505,3775035.2363741565,366113.33111387293,0.62970498474059,0.03169326241134752,794022617.1243942,31552447.552447554,3230025170.3907475,128353018.64691491
BBT18-1B,BBT18_1B_2024Feb16_Tufts_14m,2024-02-16,18,1,14,Tufts Cove,44.4047,-63.35716,09:13:00,09:45:00,880,NA,2024-06-04,100,24,2.22,1.99,1,0.01,1,500000000,22657,275280,original,15455,89,1000000,33648,original,35339,15,286,20111,10000000,2499,5,2,0.090628,2727.272727272727,2.727272727272727,6500,625636363.6363636,76472727.27272728,5679545.454545455,71721.7636933398,6903345143.182721,843809057.6061182,62668771.84253713,0.00575865415723067,4.2446022807662924e-4,86825842696.62921,2355933333.3333335,1088689260902.5759,29540505910.943302
BBT18-10B,BBT18_10B_2024Feb16_McNabsIsland_1m,2024-02-16,18,10,1,McNabs Island,44.37005,-63.32786,15:09:00,15:31:00,900,NA,2024-06-04,100,14.9,2.27,2.12,1,0.01,1,500000000,151072,520606,original,22979,222,1000000,158536,original,6071,87,240,21989,10000000,4515,5,2,0.604288,1655.5555555555554,1.6555555555555554,5333.333333333333,1156902222.2222223,352302222.22222227,10033333.333333334,8825.81374002683,1914488161.6418364,583003836.2870389,16603562.098425474,0.009660994821358631,0.014330423323999341,51754504504.5045,69781609.1954023,95161586867.5284,128308226.09124252
BBT18-2B,BBT18_2B_2024Feb16_Tufts_1m,2024-02-16,18,2,1,Tufts Cove,44.4047,-63.35716,09:25:00,09:48:00,900,NA,2024-06-04,100,33.6,1.13,1.74,0.5,0.01,1,500000000,29535,247764,original,22021,113,1000000,48055,original,68450,29,260,19020,10000000,2097,5,2,0.11814,3733.3333333333335,3.7333333333333334,5777.777777777777,550586666.6666666,106788888.8888889,4660000,48906.194157590806,4660459342.023589,903918138.5550102,39444726.59556459,0.005131465419372417,4.2366691015339667e-4,97438053097.34514,2360344827.586207,1832817055044.7708,44398262467.99856
BBT18-3B,BBT18_3B_2024Feb16_McKayBridge_27m,2024-02-16,18,3,27,McKay bridge,44.40607,-63.36631,10:23:00,10:49:00,880,NA,2024-06-04,100,15.1,1.56,2,1,0.01,1,500000000,62777,324033,original,16469,99,1000000,47893,original,8859,8,181,18229,10000000,2567,5,2,0.251108,1715.9090909090908,1.7159090909090908,4113.636363636364,736438636.3636364,108847727.27272728,5834090.909090909,16381.940693392344,2932756568.3436465,433469771.0655466,23233393.23753488,0.006011293946201955,9.030364600970764e-4,83176767676.76767,1107375000,376407976560.4643,5011312589.874405
BBT18-4B,BBT18_4B_2024Feb16_McKayBridge_1m,2024-02-16,18,4,1,McKay bridge,44.40607,-63.36631,10:31:00,10:55:00,910,NA,2024-06-04,100,33.4,1.1,1.76,0.5,0.01,1,500000000,49189,461520,original,50172,354,1000000,199722,original,86750,35,272,22151,10000000,4149,5,2,0.196756,3670.32967032967,3.67032967032967,5978.021978021978,1014329670.3296703,438949450.5494505,9118681.318681318,30382.920866565582,5155266778.800496,2230932985.776549,46345124.513007574,0.007055728294666348,4.034582132564841e-4,70864406779.66101,2478571428.571429,791568993912.7037,27686117491.32946
BBT18-5B,BBT18_5B_2024Feb16_DRDCBarge_42m,2024-02-16,18,5,42,DRDC barge,44.41107,-63.39197,11:35:00,12:00:00,870,NA,2024-06-04,100,21.5,1.27,1.82,1,0.01,1,500000000,50654,237345,original,15664,125,1000000,53695,original,47005,40,300,33119,10000000,1283,5,2,0.202616,2471.264367816092,2.471264367816092,6896.55172413793,545620689.6551723,123436781.6091954,2949425.2873563217,34037.54749939754,2692880570.4148364,609215370.9933835,14556724.48057568,0.007980081716036772,8.509733007126901e-4,62656000000,1175125000,355442762687.042,6666395500.871589
BBT18-6B,BBT18_6B_2024Feb16_DRDCBarge_1m,2024-02-16,18,6,1,DRDC barge,44.41107,-63.39197,11:41:00,12:02:00,800,NA,2024-06-04,100,12,1.7,1.92,1,0.01,1,500000000,131705,229050,original,6678,101,1000000,33526,original,26750,72,147,19625,10000000,1448,5,2,0.52682,1500,1.5,3675,572625000,83815000,3620000,6975.817167153867,1086946205.5350976,159096085.94966024,6871417.182339319,0.01512428870919437,0.002691588785046729,33059405940.59406,371527777.7777778,78440942685.81789,881533962.6859692
BBT18-7B,BBT18_7B_2024Feb16_SackvilleRiver_19m,2024-02-16,18,7,19,Sackville River,44.42883,-63.39843,12:52:00,13:17:00,1040,NA,2024-06-04,100,52.4,1.33,1.78,0.5,0.01,1,500000000,115040,258028,reseq,2900,29,1000000,203142,original,11911,3,131,16892,10000000,1809,5,2,0.46016,5038.461538461538,5.038461538461538,2519.230769230769,496207692.3076923,390657692.3076923,3478846.153846154,5474.684390713597,1078337300.7382047,848960562.2124746,7560079.437252594,0.01,2.5186802115691377e-4,50000000000,3970333333.3333335,208957419492.8854,16592612157.19839
BBT18-8B,BBT18_8B_2024Feb16_SackvilleRiver_1m,2024-02-16,18,8,1,Sackville River,44.42883,-63.39843,13:00:00,13:26:00,860,NA,2024-06-04,100,11.5,2.87,2.18,1,0.01,1,500000000,128686,189511,original,30572,184,1000000,37366,original,9657,0,224,NA,10000000,980,5,2,0.514744,1337.2093023255813,1.3372093023255813,5209.302325581396,440723255.81395346,86897674.41860466,2279069.767441861,10120.18076088579,856198917.9358157,168817265.31752613,4427579.082887533,0.006018579091979589,0,83076086956.52174,Inf,187666298416.7559,Inf
BBT18-9B,BBT18_9B_2024Feb16_McNabsIsland_37m,2024-02-16,18,9,37,McNabs Island,44.37005,-63.32786,15:04:00,15:26:00,970,NA,2024-06-04,100,8.9,1.39,1.68,1,0.01,1,500000000,50866,94243,original,10157,290,1000000,22759,original,7213,406,209,22576,10000000,393,5,2,0.203464,917.5257731958762,0.9175257731958762,4309.278350515464,194315463.91752577,46925773.195876285,810309.2783505154,21179.56174318535,955036094.4320654,230634280.24552888,3982568.3086468144,0.028551737717830067,0.056287259115485926,17512068965.517242,17766009.85221675,88731566006.2422,90018254.20934543
BBT18-BL1,BBT18_Blank1_2024Feb16_CoolerBlank_0m,2024-02-16,18,Blank1,0,Cooler blank 1,NA,NA,08:54:00,08:54:00,930,NA,2024-06-04,100,7.9,0.83,1.72,1,0.01,1,500000000,56350,68240,original,8768,4769,1000000,929,original,16403,7633,504,16565,10000000,94,5,2,0.2254,849.4623655913979,0.8494623655913979,10838.709677419354,146752688.172043,1997849.4623655912,202150.5376344086,48086.555800440794,651076699.9646984,8863573.479882836,896852.4296113958,0.5439096715328468,0.465341705785527,919270287.2719648,2148958.4698021747,4385371226.64589,10251588.429659937
BBT18-BL2,BBT18_Blank2_2024Feb16_CoolerBlank_0m,2024-02-16,18,Blank2,0,Cooler blank 2,NA,NA,13:29:00,13:29:00,950,NA,2024-06-04,100,4,1.37,2.17,1,0.01,1,500000000,24532,44455,original,5032,3938,1000000,765,original,12652,9216,241,17950,10000000,68,5,2,0.098128,421.05263157894734,0.42105263157894735,5073.684210526316,93589473.68421052,1610526.3157894737,143157.8947368421,51704.75512113072,953748916.5601104,16412505.25629253,1458889.3561148918,0.7825914149443561,0.7284223838128359,638902996.4448959,1372829.861111111,6853593978.701243,14726521.11861533
BBT19-1B,BBT19_1B_2024Mar28_Tufts_10m,2024-03-28,19,1,10,Tufts Cove,44.40481,-63.35734,08:59:00,09:26:00,840,NA,2024-06-03,100,41.7,1.7,1.89,0.5,0.01,1,500000000,102314,556031,original,24069,105,1000000,272560,original,11252,461,160,26550,10000000,8026,5,2,0.409256,4964.285714285715,4.964285714285714,3809.523809523809,1323883333.3333333,648952380.9523809,19109523.80952381,9308.412850450108,3234853816.0303903,1585688129.0741758,46693325.96107035,0.0043624579334413565,0.04097049413437611,114614285714.28572,24407809.110629067,666798181242.5107,141998727.4854455
BBT19-10B,BBT19_10B_2024Mar28_McNabsIsland_1m,2024-03-28,19,10,1,McNabs Island,44.37005,-63.32452,15:06:00,15:22:00,665,NA,2024-06-03,100,36.5,1.71,1.9,0.5,0.01,1,500000000,20569,445991,original,14716,55,1000000,54255,original,11049,255,173,12273,10000000,5457,5,2,0.082276,5488.721804511278,5.488721804511278,5203.007518796992,1341326315.7894738,163172932.33082706,16412030.07518797,63238.45980355137,16302765275.286518,1983238518.289988,199475303.55374557,0.0037374286490894264,0.02307901167526473,133781818181.81818,43329411.76470588,4890263659847.935,1583864314.5629356
BBT19-2B,BBT19_2B_2024Mar28_Tufts_1m,2024-03-28,19,2,1,Tufts Cove,44.40481,-63.35734,09:08:00,09:28:00,920,NA,2024-06-03,100,57.5,2.17,1.93,0.5,0.01,1,500000000,46482,551042,original,28705,77,1000000,239813,original,8507,20,277,16928,10000000,7432,5,2,0.185928,6250,6.25,6021.739130434782,1197917391.304348,521332608.6956522,16156521.739130434,32387.478649986995,6442910112.002214,2803948887.180264,86896657.51866548,0.00268245950182895,0.0023510050546608676,186396103896.10388,425350000,2179386222157.3367,4973290268.509736
BBT19-3B,BBT19_3B_2024Mar28_McKayBridge_29m,2024-03-28,19,3,29,McKay bridge,44.40607,-63.36585,09:56:00,10:20:00,1075,NA,2024-06-03,100,45.7,1.04,1.73,0.5,0.01,1,500000000,101404,539437,original,14059,12,1000000,199042,original,7593,193,5597,21671,10000000,7815,5,2,0.405616,4251.162790697675,4.251162790697674,104130.23255813956,1003603720.9302325,370310697.6744186,14539534.883720929,256721.2155293173,2474270543.8893747,912958802.5975766,35845565.470102094,8.535457713919909e-4,0.02541814829448176,585791666666.6666,39341968.9119171,2686888488719.158,180452350.90912935
BBT19-4B,BBT19_4B_2024Mar28_McKayBridge_1m,2024-03-28,19,4,1,McKay bridge,44.40607,-63.36585,10:01:00,10:28:00,815,NA,2024-06-03,100,54.2,1.66,1.85,0.5,0.01,1,500000000,29666,546142,reseq,19039,51,1000000,158957,original,6239,24,115,NA,10000000,8986,5,2,0.118664,6650.306748466258,6.6503067484662575,2822.0858895705524,1340225766.8711658,390078527.607362,22051533.74233129,23782.15709541691,11294291165.569723,3287252474.2749434,185831707.52992725,0.002678712117233048,0.00384677031575573,186656862745.09805,259958333.33333334,3860089419775.299,5375973844.866163
BBT19-5B,BBT19_5B_2024Mar28_DRDCBarge_39m,2024-03-28,19,5,39,DRDC barge,44.41077,-63.39141,11:01:00,11:23:00,1100,NA,2024-06-03,100,29.3,1.51,1.92,0.5,0.01,1,500000000,73288,230254,original,31406,202,1000000,172353,original,8209,49,200,9107,10000000,2640,5,2,0.293152,2663.6363636363635,2.6636363636363636,3636.363636363636,418643636.3636364,313369090.9090909,4800000,12404.362366156929,1428077026.1285486,1068964533.4471227,16373758.323327146,0.00643189199516016,0.005969058350590815,77737623762.37624,167530612.24489796,482142827316.24316,1039055210.8549206
BBT19-6B,BBT19_6B_2024Mar28_DRDCBarge_1m,2024-03-28,19,6,1,DRDC barge,44.41077,-63.39141,11:08:00,11:32:00,850,NA,2024-06-03,100,55,1.64,1.89,0.5,0.01,1,500000000,44379,331160,original,20668,98,1000000,98949,original,12428,52,629,21993,10000000,4389,5,2,0.177516,6470.588235294118,6.470588235294118,14800,779200000,232821176.47058824,10327058.823529413,83372.76639852182,4389463484.981635,1311550375.575093,58175369.11337238,0.004741629572285659,0.0041841004184100415,105448979591.83673,239000000,1397706381951.1443,3167900026.907268
BBT19-7B,BBT19_7B_2024Mar28_SackvilleRiver_16m,2024-03-28,19,7,16,Sackville River,44.43034,-63.4006,12:20:00,12:44:00,910,NA,2024-06-03,100,45.8,1.25,1.81,0.5,0.01,1,500000000,12908,278769,original,6928,25,1000000,56643,original,6388,43,142,11521,10000000,1920,5,2,0.051632,5032.9670329670325,5.032967032967033,3120.879120879121,612679120.879121,124490109.89010988,4219780.21978022,60444.66843971028,11866267448.077179,2411103770.725711,81728002.39735474,0.003608545034642032,0.006731371321227302,138560000000,148558139.5348837,5898037506342.434,6323624991.69455
BBT19-8B,BBT19_8B_2024Mar28_SackvilleRiver_1m,2024-03-28,19,8,1,Sackville River,44.43034,-63.4006,12:26:00,12:55:00,380,NA,2024-06-03,100,19.9,0.93,1.65,1,0.01,1,500000000,64963,187847,cleaned,5302,152,1000000,31826,cleaned,43122,3832,117,NA,10000000,804,5,2,0.259852,5236.8421052631575,5.2368421052631575,6157.894736842105,988668421.0526316,167505263.15789476,4231578.947368421,23697.69998630799,3804736623.357263,644617948.5164429,16284573.323924467,0.028668427008675973,0.08886415286860536,17440789473.68421,11253131.52400835,176626750628.94315,113962963.5736815
BBT19-9B,BBT19_9B_2024Mar28_McNabsIsland_36m,2024-03-28,19,9,36,McNabs Island,44.37005,-63.32452,15:00:00,15:20:00,790,NA,2024-06-03,100,30.1,1.26,1.75,0.5,0.01,1,500000000,69802,446222,reseq,45597,352,1000000,150029,original,6408,38,118,16045,10000000,4505,5,2,0.279208,3810.126582278481,3.810126582278481,2987.3417721518986,1129675949.3670886,379820253.164557,11405063.291139241,10699.34160966698,4046001365.88883,1360348747.7599385,40847910.12843199,0.007719806127596113,0.005930087390761548,64768465909.09091,168631578.9473684,587271137538.5032,1529022770.6232386
BBT19-BL1,BBT19_Blank1_2024Mar28_CoolerBlank_0m,2024-03-28,19,Blank1,0,Cooler blank 1,NA,NA,08:48:00,08:48:00,870,NA,2024-06-03,100,8.4,0.75,1.9,1,0.01,1,500000000,35525,80238,original,5648,1010,1000000,3987,original,33048,10391,164,17197,10000000,130,5,2,0.1421,965.5172413793103,0.9655172413793104,3770.114942528735,184455172.4137931,9165517.24137931,298850.5747126437,26531.421129688497,1298065956.4658206,64500473.197602466,2103100.455402137,0.1788243626062323,0.31442144759138224,2796039603.960396,3180444.6155326725,22616739093.890457,25726132.766569376
BBT19-BL2,BBT19_Blank2_2024Mar28_CoolerBlank_0m,2024-03-28,19,Blank2,0,Cooler blank 2,NA,NA,12:56:00,12:56:00,900,NA,2024-06-03,100,8.6,0.81,2.13,1,0.01,1,500000000,81061,70504,original,1693,1068,1000000,538,original,22032,13346,193,13567,10000000,99,5,2,0.324244,955.5555555555557,0.9555555555555556,4288.888888888889,156675555.55555555,1195555.5555555557,220000,13227.35004776924,483202636.14918256,3687209.49518127,678501.375507334,0.6308328411104548,0.6057552650689906,792602996.2546817,1650831.709875618,2716071834.293111,5657028.211523894
BBT20-1B,BBT20_1B_2024Apr18_Tufts_12m,2024-04-18,20,1,12,Tufts Cove,44.40282,-63.35423,09:01:00,09:23:00,900,NA,2024-05-31,100,81.5,1.78,1.89,0.25,0.01,1,500000000,76045,353844,original,11390,206,1000000,379188,original,11696,1244,20,29325,10000000,4322,5,2,0.30418,9055.555555555555,9.055555555555555,444.4444444444444,786320000,842640000,9604444.444444446,1461.1231653772254,2585048326.6486945,2770201854.1652966,31574871.603801843,0.018086040386303775,0.10636114911080712,27645631067.961166,9401929.26045016,403936719748.70386,137373766.41681695
BBT20-10B,BBT20_10B_2024Apr18_SackvilleRiver_1m,2024-04-18,20,10,1,Sackville River,44.43048,-63.340051,13:03:00,13:29:00,610,NA,2024-05-31,100,54,1.67,1.9,0.5,0.01,1,500000000,81763,215789,original,17560,55,1000000,144213,original,50333,279,417,32480,10000000,2049,5,2,0.327052,8852.459016393443,8.852459016393443,13672.131147540984,707504918.032787,472829508.1967213,6718032.786885246,41804.150861456226,2163279594.782441,1445731896.4468076,20541176.286600437,0.003132118451025057,0.005543083066775277,159636363636.36365,180405017.92114696,1600350750222.7415,1808556015.668907
BBT20-11B,BBT20_11B_2024Apr18_McNabsIsland_33m,2024-04-18,20,11,33,McNabs Island,44.36587,-63.32505,15:09:00,15:31:00,910,NA,2024-05-31,100,32.8,1.36,1.88,0.5,0.01,1,500000000,87847,244695,original,22552,87,1000000,59840,original,7331,24,9,23811,10000000,2727,5,2,0.351388,3604.395604395604,3.604395604395604,197.80219780219778,537791208.7912087,131516483.51648352,5993406.593406593,562.916769503221,1530476876.817674,374277105.4119194,17056378.115947593,0.003857750975523235,0.003273768926476606,129609195402.29884,305458333.3333333,810657661930.8197,1910529091.3093114
BBT20-12B,BBT20_12B_2024Apr18_McNabsIsland_1m,2024-04-18,20,12,1,McNabs Island,44.36587,-63.32505,15:17:00,15:36:00,780,NA,2024-05-31,100,63.8,1.55,1.87,0.25,0.01,1,500000000,32215,88899,original,24485,30,1000000,95769,original,20658,700,136,22581,10000000,968,5,2,0.12886,8179.487179487179,8.179487179487179,3487.1794871794873,227946153.84615386,245561538.46153846,2482051.282051282,27061.768486570596,1768944232.8585584,1905645960.4341028,19261611.68750025,0.001225239942822136,0.033885177655145704,408083333333.3333,29511428.57142857,16240377485139.24,1174458011.3352423
BBT20-2B,BBT20_2B_2024Apr18_Tufts_1m,2024-04-18,20,2,1,Tufts Cove,44.40282,-63.35423,09:11:00,09:34:00,850,NA,2024-05-31,100,88.9,2.05,1.92,0.25,0.01,1,500000000,37626,272082,original,6915,100,1000000,161883,original,11184,122,60,29573,10000000,2734,5,2,0.150504,10458.823529411764,10.458823529411763,1411.764705882353,640192941.1764706,380901176.47058827,6432941.176470588,9380.247075707974,4253660641.4212947,2530837562.26139,42742659.174976,0.014461315979754157,0.010908440629470672,34575000000,91672131.14754099,1081073475475.3442,2866357467.0687976
BBT20-3B,BBT20_3B_2024Apr18_McKayBridge_28m,2024-04-18,20,3,28,McKay bridge,44.40351,-63.36344,10:05:00,10:28:00,1010,NA,2024-05-31,100,44.2,1.98,1.91,0.5,0.01,1,500000000,53637,381732,original,46306,291,1000000,124028,original,12570,991,17,26676,10000000,4703,5,2,0.214548,4376.237623762377,4.376237623762377,336.63366336633663,755904950.4950495,245600000,9312871.287128713,1569.0365949173922,3523243985.0059175,1144732181.1436136,43406935.91703821,0.006284282814322118,0.07883850437549722,79563573883.16151,12684157.416750757,734342112029.9653,117070042.13279289
BBT20-4B,BBT20_4B_2024Apr18_McKayBridge_1m,2024-04-18,20,4,1,McKay bridge,44.40351,-63.36344,10:13:00,10:36:00,680,NA,2024-05-31,100,81.1,1.83,1.89,0.25,0.01,1,500000000,23032,377900,original,27945,128,1000000,77262,original,29603,326,34,25182,10000000,5489,5,2,0.092128,11926.470588235294,11.926470588235293,1000,1111470588.235294,227241176.47058824,16144117.647058824,10854.46335533171,12064416770.528984,2466581022.8224673,175235733.40416402,0.0045804258364644836,0.0110123973921562,109160156250,90806748.46625766,6969852446340.641,5797991315.551869
BBT20-5B,BBT20_5B_2024Apr18_DRDCBarge_39m,2024-04-18,20,5,39,DRDC barge,44.41107,-63.39197,11:37:00,12:03:00,860,NA,2024-05-31,100,24.6,1.74,1.97,1,0.01,1,500000000,41794,123391,original,11073,123,1000000,34770,original,10071,59,7,34808,10000000,808,5,2,0.167176,2860.46511627907,2.86046511627907,162.79069767441862,286955813.95348835,80860465.11627907,1879069.7674418604,973.7683499690063,1716489292.443224,483684650.40603364,11240068.953927958,0.011108100785694934,0.005858405322212293,45012195121.95122,170694915.2542373,313081792659.8956,1187266471.2515574
BBT20-6B,BBT20_6B_2024Apr18_DRDCBarge_1m,2024-04-18,20,6,1,DRDC barge,44.41107,-63.39197,11:46:00,12:08:00,670,NA,2024-05-31,100,78.8,1.93,1.9,0.25,0.01,1,500000000,76475,383954,reseq,7907,41,1000000,178890,original,17384,437,190,26455,10000000,4979,5,2,0.3059,11761.194029850745,11.761194029850746,5671.641791044776,1146131343.283582,534000000,14862686.567164179,18540.836191712246,3746751694.2908864,1745668519.1238966,48586749.15712383,0.005185278866826863,0.025138057984353427,96426829268.29268,39780320.36613272,1881930574683.809,776379372.1708434
BBT20-9B,BBT20_9B_2024Apr18_SackvilleRiver_15m,2024-04-18,20,9,15,Sackville River,44.43048,-63.340051,12:55:00,13:19:00,530,NA,2024-05-31,100,36.7,1.69,1.86,0.5,0.01,1,500000000,47866,173116,original,47783,140,1000000,34435,original,85025,475,11,38129,10000000,1256,5,2,0.191464,6924.528301886793,6.924528301886793,415.0943396226416,653267924.528302,129943396.2264151,4739622.641509434,2168.002024519709,3411962167.97049,678683179.2212379,24754641.29815231,0.0029299123119100935,0.00558659217877095,170653571428.57144,179000000,3363429894078.742,3527930567.172981
BBT20-BL1,BBT20_Blank1_2024Apr18_CoolerBlank_0m,2024-04-18,20,Blank1,0,Cooler blank 1,NA,NA,08:28:00,08:28:00,1090,NA,2024-05-31,100,8.5,0.73,1.89,1,0.01,1,500000000,79514,74347,original,7534,5052,1000000,783,original,13301,8688,10,28033,10000000,115,5,2,0.318056,779.8165137614678,0.7798165137614679,183.4862385321101,136416513.76146787,1436697.2477064221,211009.17431192662,576.8991577964575,428907216.84693223,4517120.405546262,663434.0314659261,0.670560127422352,0.6531839711299903,745645288.9944576,1530962.2467771638,2150810696.1789937,4416054.153919591
BBT20-BL2,BBT20_Blank2_2024Apr18_CoolerBlank_0m,2024-04-18,20,Blank2,0,Cooler blank 2,NA,NA,13:23:00,13:23:00,980,NA,2024-05-31,100,8.5,0.87,1.9,1,0.01,1,500000000,29493,47283,original,7740,38,1000000,720,original,18421,12228,8,25871,10000000,102,5,2,0.117972,867.3469387755101,0.8673469387755102,163.26530612244898,96495918.36734694,1469387.7551020407,208163.26530612243,1383.9326799787152,817956111.3429198,12455394.119808437,1764514.166972862,0.0049095607235142115,0.6638076108788882,101842105263.1579,1506460.5822701994,880891360446.9783,13030250.19314683
BBT21-1B,BBT21_1B_2024May16_Tufts_13m,2024-05-16,21,1,13,Tufts Cove,44.40468,-63.35718,08:57:00,09:25:00,845,NA,2024-05-30,100,78,2.26,1.92,0.25,0.01,1,500000000,155922,1506877,original,16939,25,1000000,255421,original,14323,117,38,35161,10000000,14689,5,2,0.623688,9230.76923076923,9.23076923076923,899.4082840236687,3566572781.0650887,604546745.5621301,34766863.90532544,1442.08046975999,5718520768.50138,969309567.5435958,55744000.053432874,0.0014758840545486746,0.008168679745863296,338780000000,122418803.41880342,2571305376554.155,929146134.4297048
BBT21-10B,BBT21_10B_2024May16_SackvilleRiver_1m,2024-05-16,21,10,1,Sackville River,44.43094,-63.34094,12:43:00,13:03:00,450,NA,2024-05-30,100,111.1,1.44,1.83,0.25,0.01,1,500000000,51756,181632,original,18530,93,1000000,34826,reseq,33857,773,49,34446,10000000,1737,5,2,0.207024,24688.88888888889,24.68888888888889,2177.777777777778,807253333.3333334,154782222.2222222,7720000,10519.445947222439,3899322461.8079705,747653519.5060583,37290362.47005177,0.005018888289260659,0.022831319963375372,99623655913.9785,43799482.53557568,4277492503884.8315,1880597098.1604142
BBT21-11B,BBT21_11B_2024May16_McNabsIsland_35m,2024-05-16,21,11,35,McNabs Island,44.37003,-63.32821,15:20:00,15:42:00,840,NA,2024-05-30,100,52.1,1.43,1.8,0.5,0.01,1,500000000,56156,687620,original,25010,129,1000000,53688,original,14117,199,39,23781,10000000,11995,5,2,0.224624,6202.380952380952,6.2023809523809526,928.5714285714286,1637190476.1904762,127828571.42857143,28559523.80952381,4133.892320372839,7288582147.012235,569077976.656864,127143688.16121078,0.0051579368252698925,0.014096479421973507,96937984496.12402,70939698.4924623,1027515870925.5088,751941217.4552681
BBT21-12B,BBT21_12B_2024May16_McNabsIsland_1m,2024-05-16,21,12,1,McNabs Island,44.37003,-63.32821,15:27:00,15:47:00,770,NA,2024-05-30,100,47.9,2.09,1.95,0.5,0.01,1,500000000,75141,705688,original,20411,76,1000000,58123,original,5064,53,16,33022,10000000,7770,5,2,0.300564,6220.779220779221,6.220779220779221,415.58441558441564,1832955844.155844,150968831.16883117,20181818.18181818,1382.6819432281166,6098387844.704769,502285141.16404885,67146491.86801541,0.0037234824359414042,0.01046603475513428,134282894736.8421,95547169.81132075,1160440836481.4592,825695915.1541487
BBT21-2B,BBT21_2B_2024May16_Tufts_1m,2024-05-16,21,2,1,Tufts Cove,44.40468,-63.35718,09:09:00,09:34:00,850,NA,2024-05-30,100,85.9,2.15,1.91,0.25,0.01,1,500000000,40236,1450884,original,53956,214,1000000,93115,original,12365,1300,64,33277,10000000,12588,5,2,0.160944,10105.882352941177,10.105882352941176,1505.8823529411764,3413844705.882353,219094117.6470588,29618823.529411767,9356.560996005917,21211382256.45164,1361306526.7860796,184031859.0901914,0.00396619467714434,0.10513546300040437,126065420560.74767,9511538.461538462,3686058740511.794,278110280.5663779
BBT21-3B,BBT21_3B_2024May16_McKayBridge_25m,2024-05-16,21,3,25,McKay bridge,44.40603,-63.36619,09:45:00,10:09:00,770,NA,2024-05-30,100,56,1.79,1.9,0.5,0.01,1,500000000,145154,1241087,original,12540,72,1000000,156786,original,14975,78,30,32057,10000000,13054,5,2,0.580616,7272.727272727272,7.2727272727272725,779.2207792207793,3223602597.4025974,407236363.6363636,33906493.50649351,1342.0587431637764,5552038864.589672,701386740.3522528,58397449.444199786,0.005741626794258373,0.005208681135225376,87083333333.33333,191987179.4871795,389569829612.8184,858860242.6870748
BBT21-4B,BBT21_4B_2024May16_McKayBridge_1m,2024-05-16,21,4,1,McKay bridge,44.40603,-63.36619,09:54:00,10:15:00,650,NA,2024-05-30,100,86,2.37,1.93,0.25,0.01,1,500000000,29533,1246946,original,13336,53,1000000,168962,original,6399,29,64,31855,10000000,16328,5,2,0.118132,13230.76923076923,13.23076923076923,1969.2307692307693,3836756923.076923,519883076.9230769,50240000,16669.748833768743,32478557233.238438,4400865785.080054,425286967.1215251,0.003974205158968206,0.004531958118456009,125811320754.71698,220655172.41379312,6553884741955.777,11494582196.90584
BBT21-5B,BBT21_5B_2024May16_DRDCBarge_42m,2024-05-16,21,5,42,DRDC barge,44.41137,-63.39228,10:41:00,11:05:00,980,NA,2024-05-30,100,23.5,1.94,1.97,1,0.01,1,500000000,52739,450976,original,8859,159,1000000,56852,original,4127,67,7,33444,10000000,2858,5,2,0.210956,2397.9591836734694,2.3979591836734695,142.85714285714286,920359183.6734693,116024489.79591838,5832653.0612244895,677.1892852402532,4362801644.292977,549993789.206841,27648671.10309491,0.017947849644429394,0.016234552944027137,27858490566.037735,61597014.92537314,134753366530.62451,297948846.50176173
BBT21-6B,BBT21_6B_2024May16_DRDCBarge_1m,2024-05-16,21,6,1,DRDC barge,44.41137,-63.39228,10:52:00,11:11:00,510,NA,2024-05-30,100,91.4,2.28,1.93,0.25,0.01,1,500000000,49965,695715,original,9001,24,1000000,62812,original,8476,143,12,44376,10000000,9422,5,2,0.19986,17921.56862745098,17.92156862745098,470.5882352941176,2728294117.647059,246321568.627451,36949019.60784314,2354.5893890429184,13651026306.64995,1232470572.5380316,184874510.1963531,0.0026663704032885236,0.01687116564417178,187520833333.33334,59272727.27272727,7358909406519.204,2326048911.5999737
BBT21-9B,BBT21_9B_2024May16_SackvilleRiver_15m,2024-05-16,21,9,15,Sackville River,44.43094,-63.34094,12:36:00,12:48:00,600,NA,2024-05-30,100,47.1,2.43,2,0.5,0.01,1,500000000,74611,210992,cleaned,14899,116,1000000,28446,original,NA,NA,31,34736,10000000,2132,5,2,0.298444,7850,7.85,1033.3333333333335,703306666.6666666,94820000,7106666.666666667,3462.4027734963124,2356578341.888819,317714546.1125035,23812395.848690763,0.007785757433384791,NA,64219827586.206894,NA,717273900477.2184,NA
BBT21-BL1,BBT21_Blank1_2024May16_CoolerBlank_0m,2024-05-16,21,Blank1,0,Cooler blank 1,NA,NA,08:37:00,08:37:00,1000,NA,2024-06-03,100,5.4,0.83,1.62,1,0.01,1,500000000,51824,62401,original,9940,2171,1000000,2012,original,18520,5733,395,20531,10000000,128,5,2,0.207296,540,0.54,7900,124802000,4024000,256000,38109.756097560974,602047313.9857981,19411855.510960173,1234949.058351343,0.21841046277665996,0.3095572354211663,2289267618.608936,3230420.373277516,11043472226.231745,15583611.711164307
BBT21-BL2,BBT21_Blank2_2024May16_CoolerBlank_0m,2024-05-16,21,Blank2,0,Cooler blank 2,NA,NA,13:05:00,13:05:00,1010,NA,2024-06-03,100,6.7,1.02,1.74,1,0.01,1,500000000,78028,81513,original,6922,1870,1000000,3087,original,47901,12896,572,30674,10000000,109,5,2,0.312112,663.3663366336634,0.6633663366336634,11326.732673267326,161411881.18811882,6112871.287128713,215841.58415841585,36290.602967099396,517160125.81419104,19585505.48241885,691551.6998975235,0.2701531349321005,0.2692219369115467,1850802139.0374331,3714407.568238213,5871217272.593163,11783049.852877812
